"title","date","time","price","venue","url","description"
"Bel Canto Opera and Dinner","08 Oct 2025","19:30","0 €","","https://www.europaticket.com/en/events/opera-and-ballet-1/bel-canto-opera-and-dinner-272","Experience a unique moment at the crossroad of the gastronomic dinner and the lyrical concert. Book your ticket now."
"La traviata","25 Nov 2025","21:40","€7","Staatsoper Unter den Linden","https://www.europaticket.com/en/event/la-traviata-9644-17746","or contact us by phone for more information on prices, program, and cast."
"Gran Teatre del Liceu Barcelona","19 Oct 2025","17:00","0 €","Gran Teatre del Liceu","https://www.europaticket.com/en/events/opera-and-ballet-1/gran-teatre-del-liceu-barcelona-5287-93","Book your tickets for opera and concerts in Barcelona at Gran Teatre del Liceu."
"City Cruise in Vienna on Board of the MS Blue Danube","25 Nov 2025","12:15","0 €","Venue","https://www.europaticket.com/en/event/city-cruise-in-vienna-on-board-of-the-ms-blue-danube-2903-18896","Buy Official Tickets for City Cruise in Vienna on board the MS Blue Danube. More info about and prices online and by phone."
"Day Trip from Vienna to Budapest","25 Nov 2025","20:00","0 €","Venue","https://www.europaticket.com/en/event/day-trip-from-vienna-to-budapest-4428-20999","Buy Official Tickets for Day Trip from Vienna to Budapest. Enjoy a comfortable bus tour from Vienna through the Hungarian lowlands to Budapest. More info about schedule, programme, and prices online and by phone."
"State Opera Roma Costanzi Theatre","09 Oct 2025","20:00","0 €","","https://www.europaticket.com/en/events/opera-and-ballet-1/state-opera-roma-costanzi-theatre-178","Check your schedule and book your tickets for the opera performances at the Costanzi Theatre, Rome."
"Mozart, Beethoven, Haydn and Schubert in St. Anna","25 Nov 2025","21:10","0 €","Venue","https://www.europaticket.com/en/event/mozart-beethoven-haydn-and-schubert-in-st--anna-10926","Official Tickets for Classical Concerts in St. Anne Church Vienna. The program will delight audiences with works by Mozart, Schubert, Beethoven and other composers associated with the Viennese Classic."
"Hamburg State Opera","","","0 €","","https://www.europaticket.com/en/events/opera-and-ballet-1/hamburg-state-opera-384","Check your schedule and book your tickets for the Hamburg State Opera."
"Opera Florence","12 Oct 2025","17:00","0 €","Maggio Musicale Fiorentino","https://www.europaticket.com/en/events/opera-and-ballet-1/opera-florence-194","Check schedule and book your tickets for the Opera, Ballet or Classical Concerts Performances at Maggio Musicale Fiorentino."
"SchÃ¶nbrunn Palace and Garden Tour","25 Nov 2025","17:00","0 €","Venue","https://www.europaticket.com/en/event/schÃ¶nbrunn-palace-and-garden-tour-21000","or contact us by phone."
"Palazzo Santa Chiara","","","0 €","Santa Chiara Palace","https://www.europaticket.com/en/events/opera-and-ballet-1/palazzo-santa-chiara-378","Buy Tickets for events at Santa Chiara Palace, in Rome, Italy."
"Opera and Ballet","08 Oct 2025","19:00","0 €","","https://www.europaticket.com/en/events/opera-and-ballet-1","Opera schedules and tickets for the most renowned opera theaters in Europe."
"Teatro Real Madrid","","","0 €","Teatro Real in Madrid for the upcoming season","https://www.europaticket.com/en/events/opera-and-ballet-1/teatro-real-madrid-80","Buy tickets for representations held at Teatro Real in Madrid for the upcoming season."
"MOL Campus Skydeck","25 Nov 2025","19:00","0 €","Venue","https://www.europaticket.com/en/event/mol-campus-skydeck-27158","or contact us by phone."
"Dinner and Lights on the Danube","25 Nov 2025","","0 €","Venue","https://www.europaticket.com/en/event/dinner-and-lights-on-the-danube-26989","or contact us by phone for more information about performers, program details, and ticket prices."
"Casa de la Memoria Flamenco Show","25 Nov 2025","","0 €","Venue","https://www.europaticket.com/en/event/casa-de-la-memoria-flamenco-show-25176","or contact us by phone."
"National Football Stadium Bratislava","","","0 €","","https://www.europaticket.com/en/events/pop-rock-concerts-10/national-football-stadium-bratislava-404","Check your schedule and come to see your favourite artists perform live on the National Football Stadium stage in Bratislava. Secure your tickets now."
"Other Events","08 Oct 2025","9:00","0 €","","https://www.europaticket.com/en/events/other-events-16","Check the schedule, select the date and book tickets for events. Tickets in advance. Details, programme and photos"
"Rock Concerts Zucchero","","","0 €","","https://www.europaticket.com/en/events/pop-rock-concerts-10/rock-concerts-zucchero-275","Buy Tickets for Zucchero Concerts in Europe."
"Church of the Madeleine Paris Concerts","09 Oct 2025","20:00","0 €","","https://www.europaticket.com/en/events/classical-concerts-3/church-of-the-madeleine-paris-concerts-499","Check your schedule and book your tickets for the Church of the Madeleine, Paris."
"Crazy Experience and Ginger","25 Nov 2025","6:30pm","0 €","Crazy Horse Paris","https://www.europaticket.com/en/event/crazy-experience-and-ginger-6313-21928","Buy Official Tickets for Crazy Experience & Ginger Restaurant at Crazy Horse Paris, France. More info about performers, programme, and prices online and by phone."
"Advent in Salzburg","","","0 €","","https://www.europaticket.com/en/events/classical-concerts-3/advent-in-salzburg-233","Buy tickets for representations held at the St. Peter, St. AndrÃ¤ Church, Great University Hall, and enjoy your visit in Salzburg even more. Secure your tickets now."
"Vienna State Opera","","","0 €","Vienna State Opera","https://www.europaticket.com/en/events/classical-concerts-3/vienna-state-opera-99","Check your schedule and book your tickets for an incredible concert at Vienna State Opera. Secure your seats now."
"Opera in Roma","08 Oct 2025","19:30","0 €","Opera in Rome","https://www.europaticket.com/en/events/opera-and-ballet-1/opera-in-roma-256","Buy Tickets for avents at Opera in Rome."
"Hop On Hop Off Vienna Tour","25 Nov 2025","","0 €","Venue","https://www.europaticket.com/en/event/hop-on-hop-off-vienna-tour-26970","or contact us by phone for more information about performers, program details, and ticket prices."
"St Charles Church Concerts Vienna","11 Oct 2025","20:15","0 €","","https://www.europaticket.com/en/events/classical-concerts-3/st-charles-church-concerts-vienna-487","or contact us by phone."
"Burlesque Spectacular, Dinner Show","25 Nov 2025","6:30","0 €","Mirage","https://www.europaticket.com/en/event/burlesque-spectacular-dinner-show-27125","or contact us by phone."
"Paradis Latin","08 Oct 2025","19:30","0 €","","https://www.europaticket.com/en/events/cabaret-tickets-5/paradis-latin-249","Tickets Paradis Latin"
"The Bartered Bride","25 Nov 2025","","€ 6","Venue","https://www.europaticket.com/en/event/the-bartered-bride--8194-26104","or contact us by phone."
"Die Fledermaus","25 Nov 2025","","0 €","Theater an der Wien","https://www.europaticket.com/en/event/die-fledermaus-8600-26584","or contact us by phone for more information about performers, program details, and ticket prices."
"Salzburg Fortress","08 Oct 2025","20:00","0 €","","https://www.europaticket.com/en/events/classical-concerts-3/salzburg-fortress-234","Buy tickets for representations held at the Salzburg Fortress and enjoy your visit in Salzburg even more. Secure your tickets now."
"Lunch Cruise on the Seine Paris","25 Nov 2025","","€8","Venue","https://www.europaticket.com/en/event/lunch-cruise-on-the-seine-paris-298","A special, fun experience including a gastronomic meal - Buy tickets for all dates, online or phone reservations. Info and Schedule. Book online now!"
"Tennis","","","0 €","","https://www.europaticket.com/en/events/sport-4/tennis-286","ROLEX PARIS MASTERS, Tennis, tickets"
"Amphibious City Splash Tour and Best of Mozart Concert","25 Nov 2025","21:30","0 €","Venue","https://www.europaticket.com/en/event/amphibious-city-splash-tour-and-best-of-mozart-concert-26210","or contact us by phone."
"Igor Levit","25 Nov 2025","","0 €","ThÃ©Ã¢tre des Champs-ElysÃ©es","https://www.europaticket.com/en/event/igor-levit-1911-26093","or contact us by phone."
"Depeche Mode Tour","","","0 €","","https://www.europaticket.com/en/events/pop-rock-concerts-10/depeche-mode-tour-405","Buy Tickets for the Depeche Mode Tour in Europe. Secure your ticket for concerts in Bratislava, Muenchen, Paris, Berlin, Roma, Milan, Budapest."
"Politeama Rossetti","","","0 €","Politeama Rossetti in Trieste","https://www.europaticket.com/en/events/opera-and-ballet-1/politeama-rossetti-9694-472","or contact us by phone."
"Palau de la MÃºsica","17 Oct 2025","20:00","0 €","Palau de la MÃºsica","https://www.europaticket.com/en/events/classical-concerts-3/palau-de-la-musica-195","Check schedule and book your tickets for the Opera, Ballet or Classical Concerts Performances at Palau de la MÃºsica."
"Verti Music Hall","","","0 €","Verti Music Hall","https://www.europaticket.com/en/events/opera-and-ballet-1/verti-music-hall-308","Buy Tickets for events at Verti Music Hall. Find details about performers, programme, and prices."
"Prague State Opera","09 Oct 2025","19:00","0 €","","https://www.europaticket.com/en/events/opera-and-ballet-1/prague-state-opera-101","Check your schedule and book your tickets for the Prague State Opera."
"Vienna City Hall Rathaus","10 Oct 2025","20:00","0 €","","https://www.europaticket.com/en/events/classical-concerts-3/vienna-city-hall-rathaus-494","Check your schedule and book your tickets for the Vienna City Hall Rathaus."
"Bavaria Klassik","09 Oct 2025","16:30","0 €","","https://www.europaticket.com/en/events/classical-concerts-3/bavaria-klassik-220","Buy Tickets for Bavaria Klassik Concerts. Find details about performers, programme, and prices."
"Best Of Mozart Fortress Concert","25 Nov 2025","","0 €","Fortress Hohensalzburg","https://www.europaticket.com/en/event/best-of-mozart-fortress-concert-21782","or contact us by phone."
"Olympiahalle","","","0 €","Olympiahalle","https://www.europaticket.com/en/events/pop-rock-concerts-10/olympiahalle-352","Buy Tickets for events at Olympiahalle."
"Palace of Versailles","10 Oct 2025","20:00","0 €","","https://www.europaticket.com/en/events/opera-and-ballet-1/palace-of-versailles-132","Check your schedule and book your tickets for opera performances at the Palace of Versailles."
"A38","","","0 €","","https://www.europaticket.com/en/events/pop-rock-concerts-10/a38-467","or contact us by phone for more information."
"The Michael Jackson Musical","25 Nov 2025","19:30","0 €","Venue","https://www.europaticket.com/en/event/the-michael-jackson-musical-23651","or contact us by phone."
"O2 Arena","09 Oct 2025","20:00","0 €","O2 Arena","https://www.europaticket.com/en/events/pop-rock-concerts-10/o2-arena-336","Buy Tickets for concerts at O2 Arena."
"Opera Concerto, the most famous lyrical arias","25 Nov 2025","","0 €","Venue","https://www.europaticket.com/en/event/opera-concerto-the-most-famous-lyrical-arias-18856","Buy Tickets for Opera Concerto the most famous lyrical arias. Find details about performers, programme, and prices."
"OpÃ©ra Bastille","","","0 €","OpÃ©ra Bastille","https://www.europaticket.com/en/events/classical-concerts-3/opÃ©ra-bastille-2684-206","Check your schedule and book your tickets for classic concerts at OpÃ©ra Bastille."
"Chamber Opera Barbarigo Minotto","09 Oct 2025","17:00","0 €","","https://www.europaticket.com/en/events/opera-and-ballet-1/chamber-opera-barbarigo-minotto-204","Check the schedule, select the date and book tickets for Chamber Opera Barbarigo Minotto. Tickets in advance. Details, programme and photos."
"Peter Bence, Pianosphere","25 Nov 2025","","0 €","Wiener Stadthalle","https://www.europaticket.com/en/event/peter-bence-pianosphere-27812","or contact us by phone."
"I Musici Veneziani","08 Oct 2025","20:30","0 €","","https://www.europaticket.com/en/events/classical-concerts-3/i-musici-veneziani-193","Check the schedule, select the date and book tickets for I Musici Veneziani in Venice. Tickets in advance. Details, programme and photos."
"Bolshoi Theatre Moscow","","","0 €","experience with your friends or family","https://www.europaticket.com/en/events/opera-and-ballet-1/bolshoi-theatre-moscow-82","If you are visiting Moscow you should also check out the Bolshoi Theatre for a great experience with your friends or family. Buy tickets now."
"Chamber Opera of Rome","","","0 €","","https://www.europaticket.com/en/events/opera-and-ballet-1/chamber-opera-of-rome-376","Chamber Opera of Rome"
"House of Radio and Music","","","0 €","","https://www.europaticket.com/en/events/classical-concerts-3/house-of-radio-and-music-257","Buy tickets for representations held at the House of Radio and Music and enjoy your visit in Paris even more. Secure your tickets now."
"Byzantine Venice, Walking tour, Basilica and Gondola","25 Nov 2025","","0 €","Venue","https://www.europaticket.com/en/event/byzantine-venice-walking-tour-basilica-and-gondola-1527-7660","or contact us by phone."
"The Copenhagen Opera House","","","0 €","","https://www.europaticket.com/en/events/opera-and-ballet-1/the-copenhagen-opera-house-269","Buy Tickets for events at The Copenhagen Opera House."
"Morning Exercise","25 Nov 2025","11:00","0 €","Venue","https://www.europaticket.com/en/event/morning-exercise-2117-21964","or contact us by phone for more information about performers, program details, and ticket prices."
"Wine and Dine Cruise with Live Music","25 Nov 2025","19:00","0 €","Venue","https://www.europaticket.com/en/event/wine-and-dine-cruise-with-live-music-5786","or contact us by phone."
"Formula 1","","","0 €","","https://www.europaticket.com/en/events/sport-4/formula-1-81","Formula 1 tickets. Book your tickets fast for the best possible view at the lowest price."
"Barba Negra","23 Jan 2026","19:00","0 €","Barba Negra in Budapest","https://www.europaticket.com/en/events/pop-rock-concerts-10/barba-negra-464","or contact us by phone for more information."
"Verona Arena","","","0 €","","https://www.europaticket.com/en/events/opera-and-ballet-1/verona-arena-344","Buy Tickets for all events at the Verona Arena Opera Festival, as well as for all other shows taking place in the amphitheatre.."
"Monolink, Tour","25 Nov 2025","","0 €","Wiener Gasometer","https://www.europaticket.com/en/event/monolink-tour-27752","or contact us by phone."
"Inside Venice Tour","25 Nov 2025","14:45","0 €","Venue","https://www.europaticket.com/en/event/inside-venice-tour-2228-7659","or contact us by phone."
"Unlimited Mulled Wine Cruise","25 Nov 2025","18:30","0 €","Venue","https://www.europaticket.com/en/event/unlimited-mulled-wine-cruise-28163","or contact us by phone for more information on prices, program, and cast."
"Flamenco show at El Patio Sevillano","25 Nov 2025","21:30","0 €","El Patio Sevillano","https://www.europaticket.com/en/event/flamenco-show-at-el-patio-sevillano-5585-18993","Buy Tickets for Flamenco show at El Patio Sevillano. Find details about performers, programme, and prices."
"Stadio Olimpico","12 Jun 2026","21:00","0 €","","https://www.europaticket.com/en/events/pop-rock-concerts-10/stadio-olimpico-410","Check your schedule and come to see your favourite artists perform live on the Stadio Olimpico stage in Rome. Secure your tickets now."
"Mariinsky II Opera Tickets","","","0 €","Mariinsky II","https://www.europaticket.com/en/events/opera-and-ballet-1/mariinsky-ii-opera-tickets-140","Check your schedule and book your tickets for opera performances at Mariinsky II."
"Jess Trio Vienna","25 Nov 2025","","0 €","Kozerthaus","https://www.europaticket.com/en/event/jess-trio-vienna-26507","or contact us by phone."
"The Four Seasons by Vivaldi, A Little Night Music by Mozart","25 Nov 2025","","0 €","Venue","https://www.europaticket.com/en/event/the-four-seasons-by-vivaldi-a-little-night-music-by-mozart-13616","Online ticket reservation for The 4 Seasons of Vivaldi and Eine kleine Nachtmusik of Mozart. Find details on performers, program and prices. Buy your ticket now."
"Adriana Mater","25 Nov 2025","","0 €","Venue","https://www.europaticket.com/en/event/adriana-mater-6046-23751","or contact us by phone."
"WWE","","","0 €","","https://www.europaticket.com/en/events/sport-4/wwe-328","Buy Tickets for WWE Live in Paris."
"Season Opening 2025/26","25 Nov 2025","","0 €","Berliner Philharmonie","https://www.europaticket.com/en/event/season-opening-2025-26-27100","or contact us by phone for more information on prices, program, and cast."
"Concerts in Berlin","","","0 €","","https://www.europaticket.com/en/events/pop-rock-concerts-10/concerts-in-berlin-260","Buy Tickets for Concerts in Berlin."
"Hungarian State Opera Budapest Tickets","08 Oct 2025","18:30","0 €","","https://www.europaticket.com/en/events/opera-and-ballet-1/hungarian-state-opera-budapest-tickets-215","Check your schedule and book your tickets for representations held at the Hungarian State Opera in Budapest. Buy tickets online."
"Opera Concert at Waldesian Church and Dinner at Enoteca Corsi","25 Nov 2025","","0 €","Waldesian Church & Dinner at Enoteca Corsi","https://www.europaticket.com/en/event/opera-concert-at-waldesian-church-and-dinner-at-enoteca-corsi-20115","Buy Tickets for Opera Concert at Waldesian Church & Dinner at Enoteca Corsi. Find details about performers, programme, and prices."
"Walking City Tour of Venice","25 Nov 2025","10:30","0 €","Venue","https://www.europaticket.com/en/event/walking-city-tour-of-venice-5681-7636","Buy Official Tickets for Walking Tour in Venice, Italy. More info about schedule, programme, and prices online and by phone."
"Peugeot Arena Bratislava","17 Mar 2026","19:00","0 €","Peugeot Arena","https://www.europaticket.com/en/events/pop-rock-concerts-10/peugeot-arena-bratislava-517","or contact us by phone."
"Politeama Rossetti","","","0 €","Politeama Rossetti in Trieste","https://www.europaticket.com/en/events/classical-concerts-3/politeama-rossetti-471","or contact us by phone."
"Sale Apollinee","","","0 €","","https://www.europaticket.com/en/events/classical-concerts-3/sale-apollinee-238","Buy Tickets for event at the Sale Apollinee. Find details about performers, programme, and prices."
"Vienna Jeunesse Orchestra","25 Nov 2025","21:45","0 €","Musikverein","https://www.europaticket.com/en/event/vienna-jeunesse-orchestra-27325","or contact us by phone."
"ZÃ¼rich Opera House","","","0 €","","https://www.europaticket.com/en/events/classical-concerts-3/zÃ¼rich-opera-house-4410-320","Buy tickets for concerts held at the ZÃ¼rich Opera House and enjoy your visit in ZÃ¼rich even more. Secure your tickets now."
"Classic Concerts in Budapest","31 Oct 2025","19:30","0 €","","https://www.europaticket.com/en/events/classical-concerts-3/classic-concerts-in-budapest-152","Check your schedule and book your tickets for an incredible Classic Concert in Budapest. Secure your seats now."
"SIMM City Vienna","08 Oct 2025","20:00","0 €","","https://www.europaticket.com/en/events/pop-rock-concerts-10/simm-city-vienna-512","Check your schedule and book your tickets for SIMM City Vienna."
"Minorites Church Concerts Vienna","10 Oct 2025","20:00","0 €","","https://www.europaticket.com/en/events/classical-concerts-3/minorites-church-concerts-vienna-8293-485","Check your schedule and book your tickets for the Minorites Church Concerts Vienna."
"Wiener Stadthalle","08 Oct 2025","19:30","0 €","","https://www.europaticket.com/en/events/pop-rock-concerts-10/wiener-stadthalle-88","Check your schedule and come to see your favourite artists perform live on the Wiener Stadthalle stage. Secure your tickets now."
"Ashes Of Ares, The Dark Saga Tour","25 Nov 2025","","0 €","Szene Wien","https://www.europaticket.com/en/event/ashes-of-ares-the-dark-saga-tour-27764","or contact us by phone."
"The Four Seasons","25 Nov 2025","","0 €","All SaintsÂ´ Church in Rome","https://www.europaticket.com/en/event/the-four-seasons-1777-622","or contact us by phone."
"The Great Opera Arias Show","25 Nov 2025","6:30","0 €","Opera Arias Concert at Santa Chiara Palace","https://www.europaticket.com/en/event/the-great-opera-arias-show-255-12881","The Great Opera Arias Concert at Santa Chiara Palace, Rome. Programme, performers and schedule. Tickets in advance. Tickets for concert in Austria."
"St AnneÂ´s Church Concerts Vienna","10 Oct 2025","20:00","0 €","","https://www.europaticket.com/en/events/classical-concerts-3/st-anne-s-church-concerts-vienna--2621-484","or contact us by phone."
"Lunetic, 30 let","25 Nov 2025","19:00","0 €","Venue","https://www.europaticket.com/en/event/lunetic-30-let-25390","or contact us by phone."
"Grigory Sokolov Piano Recital","26 Jun 2026","","0 €","Berliner Philharmonie","https://www.europaticket.com/en/event/grigory-sokolov-piano-recital-27111","or contact us by phone for more information on prices, program, and cast."
"Amphibious Splash Tour","25 Nov 2025","15:15","0 €","Venue","https://www.europaticket.com/en/event/amphibious-splash-tour-403-24962","or contact us by phone."
"Parcels","25 Nov 2025","","0 €","Venue","https://www.europaticket.com/en/event/parcels-25813","or contact us by phone."
"Top events","","","0 €","Most Famous Theaters in Europe: â Fast delivery","https://www.europaticket.com/en/top-events","Top events >> â¬ Opera, Ballet & Classical Concerts at Most Famous Theaters in Europe: â Fast delivery. â Secure Order. â Official Tickets. âº Book your E-tickets now! â¬"
"Rooftop Bar Opera Show:, The Great Beauty in Rome","25 Nov 2025","5:15pm","0 €","Palazzo Pamphilj","https://www.europaticket.com/en/event/rooftop-bar-opera-show-the-great-beauty-in-rome-3929-12740",", where you can find more information about performers, program, and ticket prices."
"Mercedes-Benz Arena","03 Nov 2025","20:00","0 €","Mercedes-Benz Arena","https://www.europaticket.com/en/events/pop-rock-concerts-10/mercedes-benz-arena-403","Check your schedule and come to see your favourite artists perform live on the Mercedes-Benz Arena stage in Berlin. Secure your tickets now."
"Turandot","25 Nov 2025","21:10","0 €","Venue","https://www.europaticket.com/en/event/turandot-119-23772","or contact us by phone."
"Teatro de la Maestranza","","","0 €","","https://www.europaticket.com/en/events/classical-concerts-3/teatro-de-la-maestranza-841-477","or contact us by phone."
"Wembley Arena","14 Aug 2026","19:00","0 €","Wembley Arena","https://www.europaticket.com/en/events/pop-rock-concerts-10/wembley-arena-356","Buy Tickets for events at Wembley Arena."
"MotoGP","","","0 €","","https://www.europaticket.com/en/events/sport-4/motogp-386","Buy now MotoGP tickets. Book your tickets fast for the best possible view at the lowest price."
"MMA","","","0 €","","https://www.europaticket.com/en/events/sport-4/mma-329","Buy Tickets for BELLATOR MMA PARIS."
"AkvÃ¡rium Klub","","","0 €","AkvÃ¡rium Klub in Budapest","https://www.europaticket.com/en/events/pop-rock-concerts-10/akvÃ¡rium-klub-465","or contact us by phone for more information."
"Rudolfinum Tickets","13 Oct 2025","19:30","0 €","","https://www.europaticket.com/en/events/classical-concerts-3/rudolfinum-tickets-159","Check your schedule and book your tickets for an incredible concert at the Rudolfinum in Prague. Secure your seats now."
"The Tales of Hoffmann","25 Dec 2025","","€7","Staatsoper Unter den Linden","https://www.europaticket.com/en/event/the-tales-of-hoffmann-5464-26559","or contact us by phone for more information on prices, program, and cast."
"Moulin Rouge","08 Oct 2025","21:00","0 €","","https://www.europaticket.com/en/events/cabaret-tickets-5/moulin-rouge-248","Moulin Rouge tickets"
"The Four Seasons by Antonio Vivaldi","25 Nov 2025","","0 €","Venue","https://www.europaticket.com/en/event/the-four-seasons-by-antonio-vivaldi-938-8087","Tickets for the Four Seasons Concert in Venice, Italy. The Orchestra I Musici Veneziani is formed in 1999 thanks to the selection of the most talented masters of birth and Venetian culture with a tribute to VivaldiÂ´s"
"St. Michael Church Budapest Concerts","","","0 €","","https://www.europaticket.com/en/events/classical-concerts-3/st--michael-church-budapest-concerts-501","Check your schedule and book your tickets for the St. Michael Church Budapest Concerts."
"Danube Cruise with Hungarian Dinner and Live Music","25 Nov 2025","19:00","0 €","Venue","https://www.europaticket.com/en/event/danube-cruise-with-hungarian-dinner-and-live-music-1896-14078","Buy Official Tickets for Danube Cruise with Hungarian Dinner and Live Music in Budapest, Hungary. More info about programme and prices online and by phone."
"La BohÃ¨me","25 Nov 2025","22:00","0 €","Venue","https://www.europaticket.com/en/event/la-bohÃ¨me-4759-331","or contact us by phone.â¨"
"Museo del Baile Flamenco","25 Nov 2025","17:00","0 €","Venue","https://www.europaticket.com/en/event/museo-del-baile-flamenco-25145","or contact us by phone."
"Pop/Rock Concerts","08 Oct 2025","19:30","0 €","","https://www.europaticket.com/en/events/pop-rock-concerts-10","Check the schedule, select the date and book tickets for Concert. Tickets in advance. Details, programme and photos."
"Theatre Costanzi","19 Feb 2026","20:00","0 €","","https://www.europaticket.com/en/events/classical-concerts-3/theatre-costanzi-180","Check your schedule and purchase tickets to see the greatest artists perform live on stage at the Theatre Costanzi. Buy tickets now."
"Auditorium Parco della Musica","09 Oct 2025","21:00","0 €","","https://www.europaticket.com/en/events/classical-concerts-3/auditorium-parco-della-musica-244","Buy tickets for representations held at the Auditorium Parco della Musica and enjoy your visit in Rome even more. Secure your tickets now."
"Teatro Lirico Giorgio Gaber","","","0 €","Teatro Lirico Giorgio Gaber","https://www.europaticket.com/en/events/opera-and-ballet-1/teatro-lirico-giorgio-gaber-458","or contact us by phone."
"St.Stephenâs Basilica, Unique Grand Organ Concert and Tickets","25 Nov 2025","9:45","0 €","Venue","https://www.europaticket.com/en/event/st-stephens-basilica-unique-grand-organ-concert-and-tickets-25686","Buy Tickets for St.Stephen’s Basilica, Unique Grand Organ Concert and Tickets, Budapest. Visit our website or contact us by phone for more information about performers, program details, and ticket prices."
"Boat trip to Hellbrunn Tour 2","25 Nov 2025","","0 €","trip to Hellbrunn Tour 2 in Salzburg","https://www.europaticket.com/en/event/boat-trip-to-hellbrunn-tour-2-24960","or contact us by phone."
"Isar Philharmonic","08 Oct 2025","19:30","0 €","Isar Philharmonic","https://www.europaticket.com/en/events/classical-concerts-3/isar-philharmonic-413","Buy Tickets for events at Isar Philharmonic. Find details about performers, programme, and prices."
"Chopin and Italian Friends at Waldensian Church","25 Nov 2025","","0 €","Venue","https://www.europaticket.com/en/event/chopin-and-italian-friends-at-waldensian-church-24693","or contact us by phone."
"Theatre Champs-Elysees","08 Oct 2025","19:30","0 €","","https://www.europaticket.com/en/events/opera-and-ballet-1/theatre-champs-elysees-271","Check your schedule and book your tickets for an incredible concert at the Theatre Champs-Elysees in Paris. Secure your seats now."
"Teatro Massimo","09 Oct 2025","18:30","0 €","Teatro Massimo in Palermo","https://www.europaticket.com/en/events/opera-and-ballet-1/teatro-massimo-479","or contact us by phone."
"Altice Arena","","","0 €","","https://www.europaticket.com/en/events/pop-rock-concerts-10/altice-arena-387","Check your schedule and come to see your favourite artists perform live on the Altice Arena stage. Secure your tickets now."
"Teatro alla Scala Tourist Packages","13 Oct 2025","20:00","0 €","","https://www.europaticket.com/en/events/opera-and-ballet-1/teatro-alla-scala-tourist-packages-79","Teatro alla Scala is a must when you visit Milan. Choose from a wide variety of events and book your tickets now."
"Konzerthausorchester Berlin","25 Nov 2025","21:00","0 €","Konzerthaus Berlin","https://www.europaticket.com/en/event/konzerthausorchester-berlin-17148","or contact us by phone for more information about performers, program details, and ticket prices."
"El Duende by Tablao CordobÃ©s Show","25 Nov 2025","","0 €","Venue","https://www.europaticket.com/en/event/el-duende-by-tablao-cordobÃ©s-show-24718","or contact us by phone."
"Byzantine Venice Tour","25 Nov 2025","10:45","0 €","Venue","https://www.europaticket.com/en/event/byzantine-venice-tour-8773-7658","or contact us by phone."
"Ziggo Dome","17 Oct 2025","20:00","0 €","events at Ziggo Dome","https://www.europaticket.com/en/events/pop-rock-concerts-10/ziggo-dome-354","Buy Tickets at events at Ziggo Dome."
"State Opera Unter den Linden","08 Oct 2025","19:00","0 €","Staatsoper Unter den Linden","https://www.europaticket.com/en/events/opera-and-ballet-1/state-opera-unter-den-linden-235","Buy Tickets for events at the Staatsoper Unter den Linden. Find details about performers, programme, and prices."
"ZÃ¼rich Opera House","","","0 €","","https://www.europaticket.com/en/events/opera-and-ballet-1/zÃ¼rich-opera-house-228","Buy tickets for representations held at the ZÃ¼rich Opera House and enjoy your visit in ZÃ¼rich even more. Secure your tickets now."
"Municipal House Tickets","03 Nov 2025","19:30","0 €","","https://www.europaticket.com/en/events/classical-concerts-3/municipal-house-tickets-173","Check your schedule and book your tickets for an incredible Classic Concert at the Municipal House, Prague. Secure your seats now."
"Crazy Horse Paris","08 Oct 2025","20:00","0 €","","https://www.europaticket.com/en/events/cabaret-tickets-5/crazy-horse-paris-247","Crazy Horse Paris"
"Theatre","08 Oct 2025","19:00","0 €","","https://www.europaticket.com/en/events/theatre-15","Check the schedule, select the date and book tickets for theatre. Tickets in advance. Details, programme and photos."
"The Show at the Lapin Agile","25 Nov 2025","01:00","0 €","Venue","https://www.europaticket.com/en/event/the-show-at-the-lapin-agile-11776","or contact us by phone."
"Concerts in Munich","","","0 €","","https://www.europaticket.com/en/events/pop-rock-concerts-10/concerts-in-munich-480","Check your schedule and come to see your favourite artists perform live in Munich. Secure your tickets now."
"Teatro Massimo","31 Oct 2025","20:30","0 €","Teatro Massimo in Palermo","https://www.europaticket.com/en/events/classical-concerts-3/teatro-massimo-7725-482","or contact us by phone."
"The Vindobona","","","0 €","","https://www.europaticket.com/en/events/cabaret-tickets-5/the-vindobona-277","Buy Tickets for events at The Vindobona."
"Vienna Residence Orchestra","08 Oct 2025","18:30","0 €","","https://www.europaticket.com/en/events/classical-concerts-3/vienna-residence-orchestra-492","Check your schedule and book your tickets for the Vienna Residence Orchestra."
"Roots, Ballet","25 Nov 2025","22:05","0 €","Venue","https://www.europaticket.com/en/event/roots-ballet-26024","or contact us by phone."
"SchÃ¶nbrunn Palace Vienna Dinner and Concert","25 Nov 2025","6:30","0 €","Venue","https://www.europaticket.com/en/event/schÃ¶nbrunn-palace-vienna-dinner-and-concert-11289","Buy Tickets for SchÃ¶nbrunn Palace Vienna Dinner and Concert, Vienna, Austria. This package offers a unique combination of two delightful destinations: gourmet cuisine and world-famous music. More info about performers, programme, and prices online and by phone."
"Teatro Flamenco Triana Show","25 Nov 2025","19:30","0 €","Venue","https://www.europaticket.com/en/event/teatro-flamenco-triana-show-25206","or contact us by phone for more information about performers, program details, and ticket prices."
"My Fair Lady, Musical","25 Nov 2025","21:30","0 €","Vienna Volksoper","https://www.europaticket.com/en/event/my-fair-lady-musical-3505-11014","or contact us by phone for more information about performers, program details, and ticket prices."
"Tablao Alvarez Quintero Flamenco Show","25 Nov 2025","20:30","0 €","Venue","https://www.europaticket.com/en/event/tablao-alvarez-quintero-flamenco-show-25194","or contact us by phone for more information about performers, program details, and ticket prices."
"SchÃ¶nbrunn Palace Guided Tour","25 Nov 2025","09:30","0 €","Venue","https://www.europaticket.com/en/event/schÃ¶nbrunn-palace-guided-tour-26975","or contact us by phone for more information about performers, program details, and ticket prices."
"Unlimited Prosecco and Wine Cruise","25 Nov 2025","19:00","0 €","Venue","https://www.europaticket.com/en/event/unlimited-prosecco-and-wine-cruise-26999","or contact us by phone for more information about performers, program details, and ticket prices."
"SchÃ¶nbrunn Palace Tour and Concert","25 Nov 2025","6:45","0 €","Venue","https://www.europaticket.com/en/event/schÃ¶nbrunn-palace-tour-and-concert-5982-11297","Have an evening of royal pleasures just like the royalty in times long past: start by walking through the sumptuous palace and enjoy a grand finale at the Schoenbrunn Palace Orangery, embarking on a musical journey with the Schoenbrunn Palace Orchestra"
"Mediolanum Forum","","","0 €","Mediolanum Forum","https://www.europaticket.com/en/events/pop-rock-concerts-10/mediolanum-forum-353","Buy Tickets for events at Mediolanum Forum."
"Rammstein Tour","","","0 €","","https://www.europaticket.com/en/events/pop-rock-concerts-10/rammstein-tour-399","Buy Tickets for the Rammstein Tour in Europe. Secure your ticket for concerts in MÃ¼nchen, Madrid, Lisbon, Budapest, Berlin, Paris, and Vienna."
"Prague National Theatre","11 Oct 2025","15:00","0 €","","https://www.europaticket.com/en/events/opera-and-ballet-1/prague-national-theatre-94","Check your schedule and book your tickets for the Prague National Theatre."
"Vienna to Salzburg Day Trip","25 Nov 2025","20:00","0 €","Venue","https://www.europaticket.com/en/event/vienna-to-salzburg-day-trip-7993-20994","Buy Official Tickets for Bus Tour Vienna to Salzburg. More info about schedule, programme, and prices online and by phone."
"Les Arts Valencia","08 Oct 2025","19:00","0 €","","https://www.europaticket.com/en/events/opera-and-ballet-1/les-arts-valencia-348","Check your schedule and book your tickets for the Les Arts."
"Classic Ensemble Vienna St Peters Church Concerts","25 Nov 2025","21:30","0 €","Venue","https://www.europaticket.com/en/event/classic-ensemble-vienna-st-peters-church-concerts-6197-10769","Classic Ensemble Vienna performs weekly at the St. PeterÂ´s Church, one of the most beautiful baroque churches in Vienna. See the dates and book tickets online or by phone for the concerts in this unique viennese baroque church."
"Semperoper Dresden","","","0 €","Semperoper Dresden","https://www.europaticket.com/en/events/opera-and-ballet-1/semperoper-dresden-456","or contact us by phone for more information about performers, program details, and ticket prices."
"Wachau Day Tour from Vienna","25 Nov 2025","18:00","0 €","Venue","https://www.europaticket.com/en/event/wachau-day-tour-from-vienna-2186-20993","Buy Official Tickets for Wachau - Danube Valley Day Trip from Vienna. More info about schedule, programme, and prices online and by phone."
"Opera Comique","","","0 €","","https://www.europaticket.com/en/events/opera-and-ballet-1/opera-comique-273","Buy tickets for representations held at the Opera Comique and enjoy your visit in Paris even more. Secure your tickets now."
"Porgy and Bess","08 Oct 2025","20:30","0 €","","https://www.europaticket.com/en/events/jazz-6957-12/porgy-and-bess-979-192","Porgy & Bess Vienna. Check the schedule, select the date and book tickets for Porgy & Bess Jazz Concerts in Vienna, Austria. Details, programme and photos."
"1 Hour Sightseeing Cruise with Audio Guide","25 Nov 2025","18:30","0 €","Venue","https://www.europaticket.com/en/event/1-hour-sightseeing-cruise-with-audio-guide-3926-20244","Buy Official Tickets for 1 hour sightseeing cruise with Audio Guide, Budapest Cruise, Hungary. More info about performers, programme, and prices online and by phone."
"Venice Music Project","11 Oct 2025","19:00","0 €","","https://www.europaticket.com/en/events/classical-concerts-3/venice-music-project-176","Check your schedule and book your tickets. Venice Music Project in Venice."
"Stefaniensaal","","","0 €","Stefaniensaal","https://www.europaticket.com/en/events/classical-concerts-3/stefaniensaal-342","Buy Tickets for events at Stefaniensaal."
"SchÃ¶nbrunn Palace Tour, Dinner and Concert","25 Nov 2025","5:15","0 €","Venue","https://www.europaticket.com/en/event/schÃ¶nbrunn-palace-tour-dinner-and-concert-2243-11288","Buy Tickets for SchÃ¶nbrunn Palace Vienna Dinner and Concert, Vienna, Austria. This package offers a unique combination of two delightful destinations: gourmet cuisine and world-famous music. More info about performers, programme, and prices online and by phone."
"Jazz Festival Vienna","","","0 €","","https://www.europaticket.com/en/events/jazz-6957-12/jazz-festival-vienna-116","Check the schedule, select the date and book tickets for Jazz Festival Vienna. Tickets in advance. Details, programme and photos."
"Cocktail or Beer Cruise","25 Nov 2025","19:00","0 €","Venue","https://www.europaticket.com/en/event/cocktail-or-beer-cruise-12108","Buy Official Tickets for Cocktail or Beer Cruise in Budapest, Hungary. More info about programme and prices online and by phone."
"Casa de la Guitarra Flamenco Show","25 Nov 2025","19:30","0 €","Venue","https://www.europaticket.com/en/event/casa-de-la-guitarra-flamenco-show-18997","or contact us by phone."
"Paris String Orchestra","25 Nov 2025","","0 €","Venue","https://www.europaticket.com/en/event/paris-string-orchestra-25710","or contact us by phone for more information about performers, program details, and ticket prices."
"Riccardo Muti and Orchestra Giovanile Luigi Cherubini","25 Nov 2025","","0 €","Teatro La Fenice in Venice","https://www.europaticket.com/en/event/riccardo-muti-and-orchestra-giovanile-luigi-cherubini-26724","or contact us by phone for more information on prices, program, and cast."
"Dutch National Opera Amsterdam","","","0 €","","https://www.europaticket.com/en/events/opera-and-ballet-1/dutch-national-opera-amsterdam-89","Buy tickets for representations held at the Dutch National Opera and enjoy your visit in Amsterdam even more. Secure your tickets now."
"Elbphilharmonie","","","0 €","","https://www.europaticket.com/en/events/classical-concerts-3/elbphilharmonie-182","Check the schedule, select the date and book tickets for Classical Concerts at the Elbphilharmonie. Tickets in advance. Details, programme and photos."
"Concerts in Seville","","","0 €","","https://www.europaticket.com/en/events/pop-rock-concerts-10/concerts-in-seville-478","or contact us by phone."
"Concerts in Milano","","","0 €","","https://www.europaticket.com/en/events/pop-rock-concerts-10/concerts-in-milano-437","Buy tickets for pop/rock concerts in Milano. More info online and by phone."
"Berlin Philharmonic Orchestra","31.12.2025","22:00","0 €","Berliner Philharmonie","https://www.europaticket.com/en/event/berlin-philharmonic-orchestra-9074-5090","or contact us by phone for more information about performers, program details, and ticket prices."
"Jazzorchester Vorarlberg","25 Nov 2025","","0 €","Porgy & Bess - Jazz & Music Club Vienna","https://www.europaticket.com/en/event/jazzorchester-vorarlberg-26854","or contact us by phone for more information about performers, program details, and ticket prices."
"DÃ¼rer Kert","23 Nov 2025","19:00","0 €","DÃ¼rer Kert in Budapest","https://www.europaticket.com/en/events/pop-rock-concerts-10/dÃ¼rer-kert-463","or contact us by phone for more information."
"Vienna Royal Orchestra","08 Oct 2025","20:30","0 €","","https://www.europaticket.com/en/events/classical-concerts-3/vienna-royal-orchestra-491","Check your schedule and book your tickets for the Vienna Royal Orchestra."
"Piazza Napoleone","","","0 €","Piazza Napoleone","https://www.europaticket.com/en/events/classical-concerts-3/piazza-napoleone-346","Buy tickets for events at Piazza Napoleone."
"Teatro Verdi Trieste","17 Oct 2025","19:30","0 €","","https://www.europaticket.com/en/events/opera-and-ballet-1/teatro-verdi-trieste-379","Check your schedule and book your tickets for the Teatro Verdi Trieste."
"Classical Concerts","08 Oct 2025","20:30","0 €","","https://www.europaticket.com/en/events/classical-concerts-3","Best selection of classical concerts in your city. Check the schedule and book official tickets for Classic Concerts in Vienna, Venice, Paris, Milan, Barcelona, Prague, etc. E-Tickets online or by phone."
"Totally Crazy Show","25 Nov 2025","22:30","0 €","Venue","https://www.europaticket.com/en/event/totally-crazy-show-11764","Buy online or reserve tickets for Totally Crazy Show with most world sensual dancers in Paris. Buy a packages with variaty of drinks or dinner."
"Culinary Jazz Dinner","","","0 €","","https://www.europaticket.com/en/events/jazz-6957-12/culinary-jazz-dinner-4846-385","Check the schedule, select the date and book tickets for Culinary Jazz Dinner, Prague. Tickets in advance. Details, programme and photos."
"Vivaldi Baroque Ensemble","25 Nov 2025","","0 €","Venue","https://www.europaticket.com/en/event/vivaldi-baroque-ensemble-8017","or contact us by phone for more information about performers, program details, and ticket prices."
"App-Guided Walking Tour Jewish Vienna","25 Nov 2025","","0 €","Venue","https://www.europaticket.com/en/event/app-guided-walking-tour-jewish-vienna-21005","Buy Official Tickets for App-Guided: Walking Tour of Jewish Vienna. This tour allows you to discover the historic jewish highlights of Vienna on your own. More info about schedule, programme, and prices online and by phone."
"Opera e lirica","11 Oct 2025","20:30","0 €","","https://www.europaticket.com/en/events/opera-and-ballet-1/opera-e-lirica-222","Opera e lirica in Rome. Check your schedule and book your tickets now. Buy tickets online."
"Christmas Organ Music","25 Jan 2026","17:30","0 €","Konzerthaus Berlin","https://www.europaticket.com/en/event/christmas-organ-music-26967","or contact us by phone for more information on prices, program, and cast."
"Disney The Lion King Musical","25 Nov 2025","20:00","0 €","Venue","https://www.europaticket.com/en/event/disney-the-lion-king-musical-23652","or contact us by phone."
"Erkel Theatre","","","0 €","","https://www.europaticket.com/en/events/opera-and-ballet-1/erkel-theatre-470","or contact us by phone."
"Analog Music Hall","","","0 €","","https://www.europaticket.com/en/events/pop-rock-concerts-10/analog-music-hall-468","or contact us by phone for more information."
"Vienna Royal Orchestra","25 Nov 2025","9:00","0 €","Venue","https://www.europaticket.com/en/event/vienna-royal-orchestra-9101-10601","Tickets for the Vienna Royal Orchestra. Tradition in its purest form. Reserve your seats online or by phone."
"Lapin Agile","09 Oct 2025","21:00","0 €","","https://www.europaticket.com/en/events/cabaret-tickets-5/lapin-agile-250","Tickets Lapin Agile"
"Manon Lescaut","25 Nov 2025","21:20","0 €","Venue","https://www.europaticket.com/en/event/manon-lescaut-741-22159","Buy official tickets for Manon Lescaut - Opera at the State Opera in Prague. More info about performers, programme, and prices online and by phone."
"Cocktail Cruise Downtown Budapest","25 Nov 2025","20:30","0 €","Venue","https://www.europaticket.com/en/event/cocktail-cruise-downtown-budapest-21379","Buy tickets for the Cocktail Cruise Downtown Budapest, Hungary. More info online and by phone."
"Salle Gaveau","10 Oct 2025","20:30","0 €","","https://www.europaticket.com/en/events/classical-concerts-3/salle-gaveau-337","Check your schedule and book your tickets for the Salle Gaveau."
"Hallenstadion","","","0 €","","https://www.europaticket.com/en/events/pop-rock-concerts-10/hallenstadion-388","Check your schedule and come to see your favourite artists perform live on the Hallenstadion stage. Secure your tickets now."
"The Four Seasons By Antonio Vivaldi","25 Nov 2025","8:30","0 €","San Vidal church","https://www.europaticket.com/en/event/the-four-seasons-by-antonio-vivaldi-8014-21599","Buy Tickets for The Four Seasons By Antonio Vivaldi performed by the renowned Interpreti Veneziani at San Vidal church, Venice, Italy. More info online and by phone."
"Walking Tour of Venice and Gondola Ride","25 Nov 2025","","0 €","Venue","https://www.europaticket.com/en/event/walking-tour-of-venice-and-gondola-ride-9650-21947","or contact us by phone."
"Royal Concert Hall Amsterdam","27 Oct 2025","20:15","0 €","Royal Concert Hall","https://www.europaticket.com/en/events/classical-concerts-3/royal-concert-hall-amsterdam-265","Buy Tickets for events at Royal Concert Hall."
"Bellini and Opera","25 Nov 2025","","0 €","Venue","https://www.europaticket.com/en/event/bellini-and-opera-20817","Buy Tickets for Bellini and Opera at the Badia di SantÂ´Agata in Catania. Find details about performers, programme, and prices."
"Classic Concerts in Milano","27 Nov 2025","20:00","0 €","","https://www.europaticket.com/en/events/classical-concerts-3/classic-concerts-in-milano-400","Check your schedule and book your tickets for an incredible Classic Concert in Milano. Secure your seats now."
"Parndorf Shuttle Bus","25 Nov 2025","11:30","0 €","prices reduced up to 70%","https://www.europaticket.com/en/event/parndorf-shuttle-bus-21002","Buy Official Tickets for Parndorf Shuttle Bus. Designer Outlet Parndorf near Vienna combines an easy-to-reach location with a relaxing atmosphere. Shoppers will find a variety of luxury and premium designer brands at prices reduced up to 70%. More info about schedule, programme, and prices online and by phone."
"Teatro Flamenco Sevilla","25 Nov 2025","19:30","0 €","Teatro Flamenco","https://www.europaticket.com/en/event/teatro-flamenco-sevilla-25144","or contact us by phone."
"Mozart Dinner and Concert in Salzburg","25 Nov 2025","6:30","€ 3","Venue","https://www.europaticket.com/en/event/mozart-dinner-and-concert-in-salzburg-3320-11268","Buy Official Tickets for Mozart Dinner and Concert in Salzburg. More info about performers, programme, and prices online and by phone."
"Strauss Dinner Show","25 Nov 2025","22:00","0 €","Venue","https://www.europaticket.com/en/event/strauss-dinner-show-22694","or contact us by phone."
"Make A Move, Tour 2025","25 Nov 2025","","0 €","Kozerthaus","https://www.europaticket.com/en/event/make-a-move-tour-2025-26508","or contact us by phone."
"Ariodante","25 Nov 2025","22:55","0 €","Palais Garnier","https://www.europaticket.com/en/event/ariodante-716-402","Buy official tickets for Ariodante - Paris National Opera 2025/2026 at Palais Garnier, Paris, France. More info about performers, programme, and prices online and by phone."
"Teatro San Carlo","08 Oct 2025","20:00","0 €","Teatro San Carlo in Naples for the new season","https://www.europaticket.com/en/events/opera-and-ballet-1/teatro-san-carlo-83","Buy tickets for representations held at Teatro San Carlo in Naples for the new season."
"NEST New State Opera","","","0 €","","https://www.europaticket.com/en/events/opera-and-ballet-1/nest-new-state-opera-451","Check your schedule and purchase tickets to see the greatest performances live on stage at the NEST - New State Opera. Buy tickets now."
"Classic Concerts in Vienna","08 Oct 2025","20:00","0 €","","https://www.europaticket.com/en/events/classical-concerts-3/classic-concerts-in-vienna-112","Check your schedule and book your tickets for Classic Concerts in Vienna. Secure your seats now."
"Drink and Cruise Options","25 Nov 2025","19:00","0 €","Venue","https://www.europaticket.com/en/event/drink-and-cruise-options-27021","or contact us by phone for more information about performers, program details, and ticket prices."
"We Came As Romans, Bad Luck Tour","25 Nov 2025","9:36","0 €","SIMM City Zentrum Simmering","https://www.europaticket.com/en/event/we-came-as-romans-bad-luck-tour-27634","or contact us by phone."
"Church of Saint-Germain-des-PrÃ©s Paris Concerts","10 Oct 2025","20:45","0 €","","https://www.europaticket.com/en/events/classical-concerts-3/church-of-saint-germain-des-prÃ©s-paris-concerts-497","Check your schedule and book your tickets for the Church of Saint-Germain-des-PrÃ©s, Paris."
"Musikverein Vienna","08 Oct 2025","20:15","0 €","","https://www.europaticket.com/en/events/classical-concerts-3/musikverein-vienna-91","Check your schedule and book your tickets for an incredible concert at the Musikverein in Vienna. Secure your seats now."
"Vienna Night Tour","25 Nov 2025","","0 €","Venue","https://www.europaticket.com/en/event/vienna-night-tour-11171","Buy Official Tickets for Vienna Night Tour. Let yourself be enchanted by the flair of the beautiful city on our Vienna panorama tour. More info about schedule, programme, and prices online and by phone."
"Teatro alla Scala","19 Oct 2025","20:00","0 €","","https://www.europaticket.com/en/events/classical-concerts-3/teatro-alla-scala-210","Teatro alla Scala is a must when you visit Milan. Choose from a wide variety of classic concerts and book your tickets now."
"La Monnaie Opera Tickets","","","0 €","La Monnaie","https://www.europaticket.com/en/events/opera-and-ballet-1/la-monnaie-opera-tickets-113","Check your schedule and book your tickets for opera performances at La Monnaie."
"Concerts in Prague","15 Dec 2025","20:00","0 €","","https://www.europaticket.com/en/events/pop-rock-concerts-10/concerts-in-prague-483","or contact us by phone for more information about performers, program details, and ticket prices."
"Bottomless Brunch","25 Nov 2025","16:00","0 €","Venue","https://www.europaticket.com/en/event/bottomless-brunch-27024","or contact us by phone for more information about performers, program details, and ticket prices."
"The Blue Danube Waltz","25 Nov 2025","16:40","0 €","Venue","https://www.europaticket.com/en/event/the-blue-danube-waltz-22686","or contact us by phone."
"Tosca, On the Other Side Carnival","25 Nov 2025","","0 €","Venue","https://www.europaticket.com/en/event/tosca-on-the-other-side-carnival-25428","or contact us by phone."
"Dinner and Show La Nouvelle Eve Cabaret","25 Nov 2025","","0 €","Venue","https://www.europaticket.com/en/event/dinner-and-show-la-nouvelle-eve-cabaret--27057","or contact us by phone for more information about performers, program details, and ticket prices."
"Opera Festival in Lisbon","","","0 €","","https://www.europaticket.com/en/events/opera-and-ballet-1/opera-festival-in-lisbon-433","Summer Opera Festival in Lisbon, Portugal. Program and tickets online or by phone."
"Royal Swedish Opera","","","0 €","Royal Swedish Opera","https://www.europaticket.com/en/events/opera-and-ballet-1/royal-swedish-opera-264","Buy Tickets for events at Royal Swedish Opera."
"Mozart at Mirabel Palace","25 Nov 2025","","0 €","Mirabell Palace in Salzburg","https://www.europaticket.com/en/event/mozart-at-mirabel-palace-26710","or contact us by phone for more information on prices, program, and cast."
"City Round Trip by Boat Tour 1","25 Nov 2025","15:00","0 €","Tour 1 starting from Marko-Feingold-Steg","https://www.europaticket.com/en/event/city-round-trip-by-boat-tour-1-24957","or contact us by phone."
"Concerts in Barcelona","22 Oct 2025","20:00","0 €","","https://www.europaticket.com/en/events/pop-rock-concerts-10/concerts-in-barcelona-259","Buy Tickets for concerts in Barcelona"
"Hungarian Wine and Food Tasting Experience","25 Nov 2025","","0 €","Venue","https://www.europaticket.com/en/event/hungarian-wine-and-food-tasting-experience-17341","or contact us by phone."
"Caracalla Thermal Baths Festival","","","0 €","","https://www.europaticket.com/en/events/opera-and-ballet-1/caracalla-thermal-baths-festival-226","Check the schedule and buy tickets for CaracallaÂ´s Thermal Baths Rome - Summer Season."
"Musik Adler","","","0 €","","https://www.europaticket.com/en/events/classical-concerts-3/musik-adler-396","Buy tickets for representations held at the Musik Adler and enjoy your visit in London even more. Secure your tickets now."
"Mozart House Vienna Concerts by Mozart Ensemble","25 Nov 2025","21:30","0 €","Venue","https://www.europaticket.com/en/event/mozart-house-vienna-concerts-by-mozart-ensemble-11230","Ticket for the Mozart Ensemble Wien at The original Sala Terrena in the heart of Vienna is an impressive place to be enchanted by Viennese classic, performed by our virtuosic quartet in one of the oldest concert halls of Vienna, where even Mozart himself used to perform."
"Volksoper Vienna","","","0 €","","https://www.europaticket.com/en/events/classical-concerts-3/volksoper-vienna-3342-171","Check your schedule and purchase tickets to see the greatest artists perform live on stage at the Volksoper Vienna. Buy tickets now."
"A Masked Ball","25 Nov 2025","","0 €","Teatro di San Carlo","https://www.europaticket.com/en/event/a-masked-ball-3028-23357","or contact us by phone for more information about performers, program details, and ticket prices."
"Sting","25 Nov 2025","","0 €","Venue","https://www.europaticket.com/en/event/sting-8536-25065","or contact us by phone for more information about performers, program details, and ticket prices."
"Teatro Carlo Felice","","","0 €","","https://www.europaticket.com/en/events/opera-and-ballet-1/teatro-carlo-felice-374","Buy Tickets for principal opera house of Genoa, Teatro Carlo Felice."
"Church of St. Eustache Paris Concerts","19 Dec 2025","20:45","0 €","Church of St","https://www.europaticket.com/en/events/classical-concerts-3/church-of-st--eustache-paris-concerts-509","Buy Official Tickets of Church Concerts in Paris at Church of St. Eustache."
"CasaNova Vienna","","","0 €","CasaNova","https://www.europaticket.com/en/events/cabaret-tickets-5/casanova-vienna-189","Check your schedule and come to see your favourite artists perform live at CasaNova, Vienna. Secure your tickets now."
"WaldbÃ¼hne Berlin","","","0 €","","https://www.europaticket.com/en/events/classical-concerts-3/waldbÃ¼hne-berlin-284","Buy tickets for representations held at the WaldbÃ¼hne Berlin. Secure your tickets now."
"Christian Blackshaw","25 Nov 2025","","0 €","Venue","https://www.europaticket.com/en/event/christian-blackshaw-3835-27570","or contact us by phone for more information on prices, program, and cast."
"Vienna Premium Orchestra","25 Nov 2025","20:15","0 €","Venue","https://www.europaticket.com/en/event/vienna-premium-orchestra-26685","or contact us by phone for more information on prices, program, and cast."
"Baroque Orchestra Vienna","09 Oct 2025","18:30","0 €","","https://www.europaticket.com/en/events/classical-concerts-3/baroque-orchestra-vienna-359","Buy tickets for Baroque Orchestra Vienna."
"Munich Messe","","","0 €","","https://www.europaticket.com/en/events/pop-rock-concerts-10/munich-messe-440","Buy tickets for pop/rock concerts in Munich Messe. More info online and by phone."
"Konzerthaus Berlin","15 Oct 2025","20:00","0 €","Konzerthaus in","https://www.europaticket.com/en/events/classical-concerts-3/konzerthaus-berlin-303","Buy Tickets for events at Konzerthaus in Berlin."
"Mannheim Darts Gala","","","0 €","MANNHEIM","https://www.europaticket.com/en/events/sport-4/mannheim-darts-gala-307","Buy Ticket for Mannheim Darts Gala at MANNHEIM, SAP Arena."
"OpÃ©ra Bastille","08 Oct 2025","19:30","0 €","OpÃ©ra Bastille","https://www.europaticket.com/en/events/opera-and-ballet-1/opÃ©ra-bastille-136","Check your schedule and book your tickets for opera performances at OpÃ©ra Bastille."
"Hungarian National Philharmonic Orchestra","25 Nov 2025","7:30","0 €","MÃ¼pa Budapest","https://www.europaticket.com/en/event/hungarian-national-philharmonic-orchestra-4315-24920","or contact us by phone for more information about performers, program details, and ticket prices."
"Vienna Mozart Concert at the Musikverein","25 Nov 2025","20:15","0 €","Venue","https://www.europaticket.com/en/event/vienna-mozart-concert-at-the-musikverein-8190-11251","or contact us by phone for more info about prices, programme, and cast."
"Wine or Prosecco Cruise","25 Nov 2025","19:00","0 €","Venue","https://www.europaticket.com/en/event/wine-or-prosecco-cruise-27022","or contact us by phone for more information about performers, program details, and ticket prices."
"Palais 12","","","0 €","Palais 12","https://www.europaticket.com/en/events/pop-rock-concerts-10/palais-12-355","Buy Tickets for events at Palais 12."
"SchÃ¶nbrunn Palace Concerts Vienna","08 Oct 2025","17:00","0 €","","https://www.europaticket.com/en/events/classical-concerts-3/schÃ¶nbrunn-palace-concerts-vienna-5881-360","Buy Tickets for the concerts at the Orangerie of the Imperial Palace SchÃ¶nbrunn. Packages with Dinner and Mozart&Strauss concerts on daily basis."
"Royal Arena","","","0 €","","https://www.europaticket.com/en/events/pop-rock-concerts-10/royal-arena-390","Check your schedule and come to see your favourite artists perform live on the Royal Arena stage. Secure your tickets now."
"Galleon Dinner Cruise in Venice","25 Nov 2025","","0 €","Venue","https://www.europaticket.com/en/event/galleon-dinner-cruise-in-venice-2831-7888","Online tickets reservation for Galleon Dinner Cruise in Venice, Italy. Find details about interpreters, programme, and prices. Buy your ticket now."
"Disneyland 1 Day","25 Nov 2025","21:00","0 €","Venue","https://www.europaticket.com/en/event/disneyland-1-day-7581-16069","Buy Tickets for Disneyland 1 Day dated. Find details about performers, programme, and prices."
"PuskÃ¡s Stadium","11 Jun 2026","16:00","0 €","PuskÃ¡s Arena","https://www.europaticket.com/en/events/pop-rock-concerts-10/puskÃ¡s-stadium--232","Buy Tickets for concerts at PuskÃ¡s Arena, Budapest Find details about prices."
"Interpreti Veneziani Concerts","","","0 €","","https://www.europaticket.com/en/events/classical-concerts-3/interpreti-veneziani-concerts-1859-205","Check the schedule, select the date and book tickets for Interpreti Veneziani Concerts. Tickets in advance. Details, programme and photos."
"Dinner and Show Moulin Rouge Cabaret Paris","25 Nov 2025","6:45","0 €","Reservation for Moulin Rouge Paris Dinner at 7pm & Show at 9pm","https://www.europaticket.com/en/event/dinner-and-show-moulin-rouge-cabaret-paris-6369-762","Seat Reservation for Moulin Rouge Paris Dinner at 7pm & Show at 9pm. Reserve your seats for a very special Package at the Moulin Rouge Paris."
"Basket","","","0 €","","https://www.europaticket.com/en/events/sport-4/basket-ball-305","Basket-ball"
"Budapest Dinner Cruise with Folklore and Operetta Show","25 Nov 2025","","0 €","Venue","https://www.europaticket.com/en/event/budapest-dinner-cruise-with-folklore-and-operetta-show-20448","Buy Official Tickets for this exclusive Budapest Dinner Cruise with Folklore and Operetta Show, get on board and savor the moment.More info about programme and prices online and by phone."
"Hallstatt Day Trip from Vienna","25 Nov 2025","20:30","0 €","Venue","https://www.europaticket.com/en/event/hallstatt-day-trip-from-vienna-20992","Buy Official Tickets for Hallstatt Day Trip from Vienna, Austria. More info about schedule, programme, and prices online and by phone."
"Tablao Flamenco Cordobes","25 Nov 2025","21:00","0 €","Venue","https://www.europaticket.com/en/event/tablao-flamenco-cordobes-7992-14209","or contact us by phone."
"Andreas Vollenweider and Friends","25 Nov 2025","22:00","0 €","Palace of Arts Mupa","https://www.europaticket.com/en/event/andreas-vollenweider-and-friends-27361","or contact us by phone."
"SchÃ¶nbrunn Palace Concerts","25 Nov 2025","8:30","0 €","Venue","https://www.europaticket.com/en/event/schÃ¶nbrunn-palace-concerts-5111-18790","Buy Tickets for SchÃ¶nbrunn Palace Concerts. Find details about performers, programme, and prices."
"Matthias Church Budapest Concerts","10 Oct 2025","19:00","0 €","","https://www.europaticket.com/en/events/classical-concerts-3/matthias-church-budapest-concerts-503","Check your schedule and book your tickets for the Matthias Church Budapest Concerts."
"Mitridate Eupatore","25 Nov 2025","","0 €","Teatro Massimo in Palermo","https://www.europaticket.com/en/event/mitridate-eupatore-25054","or contact us by phone for more information about performers, program details, and ticket prices."
"Teatro Ristori","","","0 €","Teatro Ristori","https://www.europaticket.com/en/events/classical-concerts-3/teatro-ristori-340","Buy tickets for events at Teatro Ristori."
"Theater an der Wien","08 Oct 2025","19:00","0 €","Theater an der Wien","https://www.europaticket.com/en/events/opera-and-ballet-1/theater-an-der-wien-85","Purchase tickets for representations held at Theater an der Wien. Get your tickets fast for the best available seats and price."
"Capuchins Crypt, Sacred Music in the Heart of Rome","25 Nov 2025","4:45","0 €","Venue","https://www.europaticket.com/en/event/capuchins-crypt-sacred-music-in-the-heart-of-rome-2344-3886",", where you can find more information about performers, program, and ticket prices."
"Macbeth 1847","25 Nov 2025","23:00","0 €","Verdi Festival Parma","https://www.europaticket.com/en/event/macbeth-1847-4567-24919","or contact us by phone."
"Dinner and Cruise with Folklore Live Music and Dance Show","25 Nov 2025","19:00","0 €","Venue","https://www.europaticket.com/en/event/dinner-and-cruise-with-folklore-live-music-and-dance-show-5602","Buy Official Tickets for Dinner & Cruise with Folklore Live Music and Dance Show in Budapest, Hungary. More info about programme and prices online and by phone."
"Unlimited Beer Cruise","25 Nov 2025","19:00","0 €","Venue","https://www.europaticket.com/en/event/unlimited-beer-cruise-27000","or contact us by phone for more information about performers, program details, and ticket prices."
"Ball","31 Dec 2025","19:30","0 €","","https://www.europaticket.com/en/events/ball-13","Check the schedule, select the date and book tickets for Ball. Tickets in advance. Details, programme and photos."
"Palace Garnier","08 Oct 2025","19:30","0 €","Palace Garnier","https://www.europaticket.com/en/events/opera-and-ballet-1/palace-garnier-135","Check your schedule and book your tickets for opera performances at Palace Garnier."
"Klementinum","","","0 €","Klementinum","https://www.europaticket.com/en/events/classical-concerts-3/klementinum-254","Buy Tickets for events at Klementinum. Find details about performers, programme, and prices."
"Old Airport Vajnory","","","0 €","","https://www.europaticket.com/en/events/pop-rock-concerts-10/old-airport-vajnory-442","Check your schedule and come to see your favourite artists perform live on the Old Airport Vajnory stage. Secure your tickets now."
"The Crazy Horse Cabaret Packages","25 Nov 2025","22:30","0 €","Venue","https://www.europaticket.com/en/event/the-crazy-horse-cabaret-packages-693","Buy official Tickets for the most avant-garde cabaret in Paris reveals its charms in a show entitled DÃ©sirs. The showâs artistic direction is signed by renowned photographer Ali Mahdavi. See dates and buy tickets for the"
"SchÃ¶nbrunn Palace","","","0 €","","https://www.europaticket.com/en/events/other-events-16/schÃ¶nbrunn-palace-495","Check your schedule and book your tickets for the SchÃ¶nbrunn Palace, Vienna."
"Mozart Week","","","0 €","","https://www.europaticket.com/en/events/classical-concerts-3/mozart-week-239","Buy Tickets for Mozart Week in Salzburg. Find details about performers, programme, and prices."
"ZimnÃ½ Å¡tadiÃ³n Ondreja Nepelu","02 Dec 2025","19:00","0 €","","https://www.europaticket.com/en/events/pop-rock-concerts-10/zimnÃ½-Å¡tadiÃ³n-ondreja-nepelu-516","Check your schedule and book your tickets for the ZimnÃ½ Å¡tadiÃ³n Ondreja Nepelu, Bratislava."
"Zucchero Arena di Verona 2025","25 Nov 2025","","0 €","Venue","https://www.europaticket.com/en/event/zucchero-arena-di-verona-2025-7127","or contact us by phone."
"Crypt of St PeterÂ´s Church Concerts Vienna","11 Oct 2025","19:00","0 €","","https://www.europaticket.com/en/events/classical-concerts-3/crypt-of-st-peter-s-church-concerts-vienna-489","Check your schedule and book your tickets for the Crypt of St Peter's Church Vienna."
"Capuchin Church Concerts Vienna","09 Oct 2025","19:00","0 €","","https://www.europaticket.com/en/events/classical-concerts-3/capuchin-church-concerts-vienna-488","Check your schedule and book your tickets for the Capuchin Church."
"Deva Premal and Miten","25 Nov 2025","","0 €","Wiener Stadthalle","https://www.europaticket.com/en/event/deva-premal-and-miten-12646","or contact us by phone."
"Royal Danish Theatre Old Stage","","","0 €","Royal Danish Theatre Old Stage","https://www.europaticket.com/en/events/opera-and-ballet-1/royal-danish-theatre-old-stage-270","Buy Tickets for events at Royal Danish Theatre Old Stage."
"Centre For Fine Arts","","","0 €","Centre For Fine Arts","https://www.europaticket.com/en/events/classical-concerts-3/centre-for-fine-arts-333","Buy Tickets for events at Centre For Fine Arts, Brussels."
"Vienna Self-Guided Walking Tour","25 Nov 2025","","0 €","Venue","https://www.europaticket.com/en/event/vienna-self-guided-walking-tour-26974","or contact us by phone for more information about performers, program details, and ticket prices."
"Organ Concert in the St. Stephenâs Basilica","25 Nov 2025","","0 €","Venue","https://www.europaticket.com/en/event/organ-concert-in-the-st-stephens-basilica-19301","or contact us by phone."
"The Four Seasons by Vivaldi at Museum Zeffirelli","25 Nov 2025","20:00","0 €","Museum Zeffirelli","https://www.europaticket.com/en/event/the-four-seasons-by-vivaldi-at-museum-zeffirelli-20781","Buy Official Tickets for The Four Seasons, Air and Little Night Music at Museum Zeffirelli. Find details about the performers, programme, and prices."
"Faust","25 Nov 2025","","0 €","Venue","https://www.europaticket.com/en/event/faust-689-27300","or contact us by phone for more information on pricing, program, and performers."
"RenÃ©e Fleming Song Recital","25 Jan 2026","","€7","Staatsoper Unter den Linden","https://www.europaticket.com/en/event/renÃ©e-fleming-song-recital-5990-26690","or contact us by phone for more information on prices, program, and cast."
"Spanish Love Songs, UK And EU 2025","25 Nov 2025","","0 €","Szene Wien","https://www.europaticket.com/en/event/spanish-love-songs-uk-and-eu-2025-27766","or contact us by phone."
"Estates Theatre","18 Oct 2025","18:00","0 €","","https://www.europaticket.com/en/events/opera-and-ballet-1/estates-theatre-100","Check your schedule and book your tickets for the Estates Theatre."
"Oktoberfest","","","0 €","","https://www.europaticket.com/en/events/other-events-16/oktoberfest-511","Buy Official Tickets for Oktoberfest in Munich."
"Szene Wien","08 Oct 2025","19:30","0 €","Szene Wien","https://www.europaticket.com/en/events/pop-rock-concerts-10/szene-wien-500","Buy Official Tickets for events at Szene Wien. Secure your tickets now."
"Mariinsky Opera Tickets","","","0 €","Mariinsky","https://www.europaticket.com/en/events/opera-and-ballet-1/mariinsky-opera-tickets-137","Check your schedule and book your tickets for opera performances at Mariinsky."
"Opera Lirica","25 Nov 2025","","0 €","Venue","https://www.europaticket.com/en/event/opera-lirica-25150","Buy official tickets for Opera Lirica at St. Stephen Auditorium, Florence, Italy. Find details about performers, programme, and prices online and by phone."
"The Magic Flute","25 Nov 2025","21:20","0 €","Venue","https://www.europaticket.com/en/event/the-magic-flute-2657-12141","Buy official tickets for The Magic Flute by Wolfgang Amadeus Mozart at the Marionette Theatre. Tickets for all the dates to be ordered online or by phone."
"Un ballo in maschera with Anna Netrebko","25 Nov 2025","","0 €","Venue","https://www.europaticket.com/en/event/un-ballo-in-maschera-with-anna-netrebko-6336-22859","or contact us by phone."
"60 Minutes Sightseeing Cruise","25 Nov 2025","17:30","0 €","Venue","https://www.europaticket.com/en/event/60-minuts-sightseeing-cruise-21904","or contact us by phone for more information about performers, program details, and ticket prices."
"Philharmonie De Paris","","","0 €","","https://www.europaticket.com/en/events/classical-concerts-3/philharmonie-de-paris-183","Check the schedule, select the date and book tickets for Classical Concerts at the Philharmonie De Paris. Tickets in advance. Details, programme and photos."
"Drinks and Piano Show","25 Nov 2025","","0 €","Venue","https://www.europaticket.com/en/event/drinks-and-piano-show-22356","or contact us by phone."
"Flamenco Show La Cantaora","25 Nov 2025","21:00","0 €","Venue","https://www.europaticket.com/en/event/flamenco-show-la-cantaora-25204","or contact us by phone for more information about performers, program details, and ticket prices."
"Boat Trip, Danube Panorama Tour","25 Nov 2025","13:15","0 €","trip","https://www.europaticket.com/en/event/boat-trip-danube-panorama-tour-1203-26972","or contact us by phone for more information about performers, program details, and ticket prices."
"Incheba Expo Arena","","","0 €","Incheba Expo Arena","https://www.europaticket.com/en/events/pop-rock-concerts-10/incheba-expo-arena-515","or contact us by phone."
"Grimaldi Forum","02 Nov 2025","15:00","0 €","Grimaldi Forum","https://www.europaticket.com/en/events/opera-and-ballet-1/grimaldi-forum-368","Buy Tickets for events at Grimaldi Forum."
"Antonio Vivaldi and his time","25 Nov 2025","8:30","0 €","San Vidal Church","https://www.europaticket.com/en/event/antonio-vivaldi-and-his-time-27005","or contact us by phone for more information about performers, program details, and ticket prices."
"Danube Dinner Cruise in Vienna","25 Nov 2025","19:00","0 €","Venue","https://www.europaticket.com/en/event/danube-dinner-cruise-in-vienna-4354-26973","or contact us by phone for more information about performers, program details, and ticket prices."
"Hungarian GastroCellar","25 Nov 2025","23:00","0 €","Venue","https://www.europaticket.com/en/event/hungarian-gastrocellar-27025","or contact us by phone for more information about performers, program details, and ticket prices."
"Russian Music Seasons","","","0 €","","https://www.europaticket.com/en/events/classical-concerts-3/russian-music-seasons-109","Russian Music Seasons - Check your schedule and book your tickets for an incredible concert at the Vladimir Palace in St. Petersburg. Secure your seats now."
"Margaret Island","","","0 €","","https://www.europaticket.com/en/events/classical-concerts-3/margaret-island-266","Buy tickets for representations held at the Margaret Island and enjoy your visit in Budapest even more. Secure your tickets now."
"The Sound of Hans Zimmer and John Williams","26 Jun 2026","","0 €","Berliner Philharmonie","https://www.europaticket.com/en/event/the-sound-of-hans-zimmer-and-john-williams-3405-27110","or contact us by phone for more information on prices, program, and cast."
"La Traviata","25 Nov 2025","19:00","0 €","Venue","https://www.europaticket.com/en/event/la-traviata-1548-23728","or contact us by phone."
"Panoramabahn SchÃ¶nbrunn","25 Nov 2025","17:00","0 €","Venue","https://www.europaticket.com/en/event/panoramabahn-schÃ¶nbrunn-26976","or contact us by phone for more information about performers, program details, and ticket prices."
"Lirica Sala Girelli Verona","10 Oct 2025","18:50","0 €","","https://www.europaticket.com/en/events/opera-and-ballet-1/lirica-sala-girelli-verona-513","Buy Official Tickets for events at the Lirica Sala Girelli Verona."
"Fashion week","","","0 €","","https://www.europaticket.com/en/events/other-events-16/fashion-week-452","Check your schedule and book your tickets for the Fashion week."
"Wiener Ensemble Classical Concert at Mozarthaus with Museum Entry","25 Nov 2025","18:30","0 €","Mozarthaus","https://www.europaticket.com/en/event/wiener-ensemble-classical-concert-at-mozarthaus-with-museum-entry-20180","or contact us by phone."
"Palazzo dello Sport","","","0 €","","https://www.europaticket.com/en/events/pop-rock-concerts-10/palazzo-dello-sport-389","Check your schedule and come to see your favourite artists perform live on the Palazzo dello Sport stage. Secure your tickets now."
"Giselle","25 Nov 2025","21:40","0 €","Palais Garnier","https://www.europaticket.com/en/event/giselle-9530-578","Buy official tickets for Giselle - Paris National Opera 2025/2026 at Palais Garnier, Paris, France. More info about performers, programme, and prices online and by phone."
"GRAND Vienna","","","0 €","","https://www.europaticket.com/en/events/classical-concerts-3/grand-vienna-508","Official Tickets For GRAND Vienna"
"Church of Saint Sulpice Paris Concerts","11 Oct 2025","20:45","0 €","","https://www.europaticket.com/en/events/classical-concerts-3/church-of-saint-sulpice-paris-concerts-498","Check your schedule and book your tickets for the Church of Saint Sulpice, Paris."
"Classic Concerts in Semperoper Dresden","","","0 €","Semperoper Dresden","https://www.europaticket.com/en/events/classical-concerts-3/classic-concerts-in-semperoper-dresden-457","or contact us by phone for more information about performers, program details, and ticket prices."
"Classic Concerts in Europe","21 Nov 2025","20:30","0 €","","https://www.europaticket.com/en/events/classical-concerts-3/classic-concerts-in-europe-218","Check your schedule and book your tickets for an incredible Classic Concert in Europe. Secure your seats now."
"Tablao El Arenal","25 Nov 2025","21:30","0 €","Tablao Flamenco El Arenal","https://www.europaticket.com/en/event/tablao-el-arenal-25143","or contact us by phone."
"Swan Lake","25 Nov 2025","20:00","0 €","La Seine Musicale","https://www.europaticket.com/en/event/swan-lake-9648-27281","or contact us by phone."
"Palau Dalmases Show","25 Nov 2025","18:45","0 €","Venue","https://www.europaticket.com/en/event/palau-dalmases-show-24707","or contact us by phone."
"La Monnaie Concert Tickets","","","0 €","La Monnaie","https://www.europaticket.com/en/events/classical-concerts-3/la-monnaie-concert-tickets-145","Check your schedule and book your tickets for an incredible concert at La Monnaie. Secure your seats now."
"The Musical Gardens Show","25 Nov 2025","5:30","0 €","Venue","https://www.europaticket.com/en/event/the-musical-gardens-show-21902","Buy Official Tickets for The Musical Gardens Show at the Palace of Versailles, France. More info about performers, programme, and prices online and by phone."
"Olympiastadion Berlin","30 May 2026","","0 €","","https://www.europaticket.com/en/events/pop-rock-concerts-10/olympiastadion-berlin-407","Check your schedule and come to see your favourite artists perform live on the Olympiastadion stage in Berlin. Secure your tickets now."
"Olympiastadion Munich","","","0 €","","https://www.europaticket.com/en/events/pop-rock-concerts-10/olympiastadion-munich-408","Check your schedule and come to see your favourite artists perform live on the Olympiastadion stage in Munich. Secure your tickets now."
"Reggio Emilia, RCF Arena","","","0 €","","https://www.europaticket.com/en/events/pop-rock-concerts-10/reggio-emilia-rcf-arena-443","Buy Official Tickets for RCF Arena, Reggio Emilia, Italy. Buy online or by phone."
"National Theatre Munich","","","0 €","National Theatre Munich","https://www.europaticket.com/en/events/classical-concerts-3/national-theatre-munich-398","Buy Tickets for events at National Theatre Munich."
"Party Cruises","25 Nov 2025","20:00","0 €","Venue","https://www.europaticket.com/en/event/party-cruises-3749-6325","or contact us by phone."
"SÃ£o Carlos National Theater Opera Tickets","","","0 €","","https://www.europaticket.com/en/events/opera-and-ballet-1/sÃ£o-carlos-national-theater-opera-tickets-114","Check your schedule and book your tickets for opera performances at the SÃ£o Carlos National Theater."
"Vatican Museums and Sistine Chapel","25 Nov 2025","15:00","0 €","Venue","https://www.europaticket.com/en/event/vatican-museums-and-sistine-chapel-4070","or contact us by phone."
"St Peter Church Peterskirche Concerts Vienna","10 Oct 2025","20:30","0 €","","https://www.europaticket.com/en/events/classical-concerts-3/st-peter-church-peterskirche-concerts-vienna-486","or contact us by phone."
"Barclays Arena","","","0 €","","https://www.europaticket.com/en/events/pop-rock-concerts-10/barclays-arena-402","Check your schedule and come to see your favourite artists perform live on the Barclays Arena stage in Hamburg. Secure your tickets now."
"Avicii Arena","","","0 €","","https://www.europaticket.com/en/events/pop-rock-concerts-10/avicii-arena-391","Check your schedule and come to see your favourite artists perform live on the Avicii Arena stage. Secure your tickets now."
"Tristan and Isolde","25 Dec 2025","","0 €","Deutsche Oper Berlin","https://www.europaticket.com/en/event/tristan-and-isolde-1320-13189","or contact us by phone for more information about performers, program details, and ticket prices."
"Mozart Dinner Concerts in Prague","25 Nov 2025","19:00","0 €","Venue","https://www.europaticket.com/en/event/mozart-dinner-concerts-in-prague-4888","Enjoy the most famous arias and duets from MozartÂ´s operas âThe Magic Fluteâ, âThe Marriage of Figaroâ and âDon Giovanniâ. Historically Protected Hall in the Center of Prague. Exceptional Cuisine - Boccaccio Hall, Todays Hotel Bohemia - Prague."
"La Nouvelle Eve Paris","09 Oct 2025","20:15","0 €","","https://www.europaticket.com/en/events/cabaret-tickets-5/la-nouvelle-eve-paris-507","Check your schedule and book your tickets for the La Nouvelle Eve Paris Cabaret, France."
"The Most Beautiful Opera Arias Concert","25 Nov 2025","","0 €","Waldesian Church","https://www.europaticket.com/en/event/the-most-beautiful-opera-arias-concert-6265-4020","or contact us by phone."
"Johann Strauss Museum, Dinner and Concert","","","0 €","","https://www.europaticket.com/en/event/johann-strauss-museum-dinner-and-concert-3046-25564","or contact us by phone for more information about performers, program details, and ticket prices."
"Royal Albert Hall","","","0 €","Royal Albert Hall","https://www.europaticket.com/en/events/pop-rock-concerts-10/royal-albert-hall-258","Buy Tickets for concerts at Royal Albert Hall. Find details about prices."
"Concerts in Verona","20 Apr 2026","19:30","0 €","","https://www.europaticket.com/en/events/pop-rock-concerts-10/concerts-in-verona-174","Check your schedule and come to see your favourite artists perform live in Verona. Secure your tickets now."
"San Siro","17 Jun 2026","19:20","0 €","","https://www.europaticket.com/en/events/pop-rock-concerts-10/san-siro-411","Check your schedule and come to see your favourite artists perform live on the San Siro stage in Milano. Secure your tickets now."
"Sport","","","0 €","","https://www.europaticket.com/en/events/sport-4","Sport Tickets"
"Budapest Lukacs Thermal Bath Full Day Admission","25 Nov 2025","","0 €","Venue","https://www.europaticket.com/en/event/budapest-lukacs-thermal-bath-full-day-admission-1702-5917","or contact us by phone."
"Farnace","25 Nov 2025","22:00","0 €","ThÃ©Ã¢tre des Champs-ElysÃ©es","https://www.europaticket.com/en/event/farnace-97-26006","or contact us by phone."
"Opera a Palazzo","25 Oct 2025","20:30","0 €","","https://www.europaticket.com/en/events/opera-and-ballet-1/opera-a-palazzo-208","Buy Tickets for Opera a Palazzo in Paris. Find details about performers, programme, and prices."
"Paradis Latin Cabaret","25 Nov 2025","9:30","0 €","Venue","https://www.europaticket.com/en/event/paradis-latin-cabaret-4823-16060","or contact us by phone."
"Classic Concerts in Naples","08 Oct 2025","20:00","0 €","","https://www.europaticket.com/en/events/classical-concerts-3/classic-concerts-in-naples-224","Check your schedule and book your tickets for an incredible Classic Concert in Naples. Secure your seats now."
"The Erlkings","25 Nov 2025","","0 €","Porgy & Bess - Jazz & Music Club Vienna","https://www.europaticket.com/en/event/the-erlkings-26873","or contact us by phone for more information about performers, program details, and ticket prices."
"A Little Night Music Concerts at Capuchin Church","25 Nov 2025","","0 €","Capuchin Church","https://www.europaticket.com/en/event/a-little-night-music-concerts-at-capuchin-church-18909","Buy Official Tickets for A Little Night Music Concerts at Capuchin Church, Vienna. Find details about performers, programme, and prices."
"Slovak National Theatre SND","14 April 2007","18:00","0 €","Slovak National Theatre - SND","https://www.europaticket.com/en/events/opera-and-ballet-1/slovak-national-theatre-snd-240","Purchase tickets for representations held at Slovak National Theatre - SND. Get your tickets fast for the best available seats and price."
"Budapest Dinner Cruise With Piano Battle Show","25 Nov 2025","","0 €","Venue","https://www.europaticket.com/en/event/budapest-dinner-cruise-with-piano-battle-show-19298","Buy Tickets for Budapest Dinner Cruise With Piano Battle Show. Find details about performers, programme, and prices."
"Don Carlo","26 Jul 2026","22:30","€7","Staatsoper Unter den Linden","https://www.europaticket.com/en/event/don-carlo-8363-26682","or contact us by phone for more information on prices, program, and cast."
"SzÃ©chenyi Spa Full-Day Admission","25 Nov 2025","14:00","0 €","Venue","https://www.europaticket.com/en/event/szechenyi-spa-full-day-admission-5542-5906","or contact us by phone."
"Bel Canto Opera with Dinner in Paris","25 Nov 2025","20:00","0 €","Venue","https://www.europaticket.com/en/event/bel-canto-opera-with-dinner-in-paris-16569","Buy Official Tickets for Bel Canto Opera with Dinner in Paris at the Bel Canto Restaurant. Find details about performers, programme, and prices."
"Andrej Hermlin and his Swing Dance Orchestra","26 Feb 2026","","0 €","Berliner Philharmonie","https://www.europaticket.com/en/event/andrej-hermlin-and-his-swing-dance-orchestra-27222","or contact us by phone for more information on pricing, program, and performers."
"Rome Wine Tasting and Opera","25 Nov 2025","19:30","0 €","Palazzo Taverna","https://www.europaticket.com/en/event/rome-wine-tasting-and-opera-1106-22374",", where you can find more information about performers, program, and ticket prices."
"Vienna State Opera","08 Oct 2025","19:00","0 €","one of the most important opera houses in the world","https://www.europaticket.com/en/events/opera-and-ballet-1/vienna-state-opera-77-78","Book official tickets for a fabulous performance at one of the most important opera houses in the world, the Vienna State Opera accompanied by the Vienna Philharmonic Orchestra.."
"Mirage Vienna","08 Oct 2025","19:15","0 €","","https://www.europaticket.com/en/events/classical-concerts-3/mirage-vie-493","Check your schedule and book your tickets for the Mirage."
"Palace of Arts MÃ¼pa","08 Oct 2025","19:30","0 €","MÃ¼pa in Budapest","https://www.europaticket.com/en/events/classical-concerts-3/palace-of-arts-mÃ¼pa-221","Check your schedule and book your tickets for representations held at MÃ¼pa in Budapest. Buy tickets online."
"Musical","08 Oct 2025","19:00","0 €","","https://www.europaticket.com/en/events/musical-tickets-11","Check the schedule, select the date and book tickets for musicals. Tickets in advance. Details, programme and photos."
"St Stephens Cathedral Concerts Vienna","10 Oct 2025","20:30","0 €","","https://www.europaticket.com/en/events/classical-concerts-3/st-stephens-cathedral-concerts-vienna-490","Check your schedule and book your tickets for the St Stephens Cathedral Vienna."
"Concerts in Stockholm","","","0 €","","https://www.europaticket.com/en/events/pop-rock-concerts-10/concerts-in-stockholm-365","Buy tickets in Concert in Stockholm."
"Teatro La Fenice","09 Oct 2025","20:00","0 €","","https://www.europaticket.com/en/events/opera-and-ballet-1/teatro-la-fenice-163","Check your schedule and book your tickets for the Teatro La Fenice Opera."
"Royal Danish Playhouse","","","0 €","Royal Danish Playhouse","https://www.europaticket.com/en/events/opera-and-ballet-1/royal-danish-playhouse-268","Buy Tickets for events at Royal Danish Playhouse."
"La BohÃ¨me","25 Jan 2026","20:25","€7","Staatsoper Unter den Linden","https://www.europaticket.com/en/event/la-bohÃ¨me-9202-26688","or contact us by phone for more information on prices, program, and cast."
"Classic Concerts in Rome","08 Oct 2025","19:30","0 €","","https://www.europaticket.com/en/events/classical-concerts-3/classic-concerts-in-rome-104","Check your schedule and book your tickets for an incredible Classic Concert in Rome. Secure your seats now."
"Lutheran Church of Trieste","","","0 €","Evangelical Lutheran Church","https://www.europaticket.com/en/events/classical-concerts-3/lutheran-church-of-trieste-338","Buy Tickets for concerts at Evangelical Lutheran Church. Find details about performers, programme, and prices."
"Prinzregententheater","11 Oct 2025","20:00","0 €","","https://www.europaticket.com/en/events/classical-concerts-3/prinzregententheater-455","Check your schedule and book your tickets for the Prinzregententheater."
"Berlin Residence Concerts","","","0 €","Charlottenburg Palace","https://www.europaticket.com/en/events/classical-concerts-3/berlin-residence-concerts-142","Check your schedule and book your Berlin Residence Concerts tickets for at the Charlottenburg Palace in Berlin. Secure your seats now."
"Football","","","0 €","","https://www.europaticket.com/en/events/sport-4/football-214","Buy football tickets for your favorite team's matches. Find details about teams, locations, and prices."
"Baroque Opera House","","","0 €","","https://www.europaticket.com/en/events/opera-and-ballet-1/baroque-opera-house-213","Check your schedule and book your tickets for the Baroque Opera House."
"Vienna Symphony Orchestra Konzerthaus","25 Nov 2025","7:30","0 €","Venue","https://www.europaticket.com/en/event/vienna-symphony-orchestra-konzerthaus-2843-11270","Official ticket for the Vienna Symphony Orchestra at the Vienna Konzerthaus. Enjoy the season and also the unique traditional New YearÂ´s (Eve) Concert in Vienna Konzerthaus with the Vienna Symphony (Wiener Symphoniker)."
"Chamber Opera Vienna","10 Oct 2025","19:00","0 €","","https://www.europaticket.com/en/events/opera-and-ballet-1/chamber-opera-vienna-170","Check the schedule, select the date and book tickets for Chamber Opera. Tickets in advance. Details, programme and photos."
"Carmen Volksoper Vienna","25 Nov 2025","","0 €","Venue","https://www.europaticket.com/en/event/carmen-volksoper-vienna-1534-11275","Official tickets for Carmen Opera Show at the Volksoper Vienna, Austria. According to the beautiful and tempestuous Carmen, love is a rebellious bird, here today and gone tomorrow. Don JosÃ©, loved by the peasant girl MicaÃ«la, is bewitched by Carmen and although she temporarily encourages his advances, she soon becomes bored by him."
"Teatro Malibran","8 April 1835","19:00","0 €","","https://www.europaticket.com/en/events/opera-and-ballet-1/teatro-malibran-237","Buy Tickets for event at the Teatro Malibran. Find details about performances, artists, prices. Buy your ticket now."
"La Nouvelle Eve Cabaret Show","25 Nov 2025","22:30","0 €","Venue","https://www.europaticket.com/en/event/la-nouvelle-eve-cabaret-show-27056","or contact us by phone for more information about performers, program details, and ticket prices."
"Hungarian State Opera","","","0 €","","https://www.europaticket.com/en/events/classical-concerts-3/hungarian-state-opera-217","Check your schedule and book official tickets for representations held at the Hungarian State Opera in Budapest. Buy tickets online."
"Palais Auersperg","25 Nov 2025","17:45","0 €","","https://www.europaticket.com/en/events/classical-concerts-3/palais-auersperg-514","Check your schedule and book your tickets for the Palais Auersperg in Vienna."
"Amphibious City Splash Tour, Dinner and Best of Mozart Concert","25 Nov 2025","1:15","0 €","Venue","https://www.europaticket.com/en/event/amphibious-city-splash-tour-dinner-and-best-of-mozart-concert-6292-26209","or contact us by phone."
"The Three Tenors, Baroque and Opera in Venice","25 Nov 2025","","0 €","Venue","https://www.europaticket.com/en/event/the-three-tenors-baroque-and-opera-in-venice-2390-8088","The Three Tenors - Baroque and Opera at the Scuola Grande di San Teodoro, Venice, Italy."
"Liszt Ferenc Academy of Music","15 Oct 2025","19:30","0 €","","https://www.europaticket.com/en/events/classical-concerts-3/liszt-ferenc-academy-of-music-255","Buy tickets for representations held at the Liszt Ferenc Academy of Music and enjoy your visit in Budapest even more. Secure your tickets now."
"Bellini And Vivaldi’s Four Season","25 Nov 2025","","0 €","Venue","https://www.europaticket.com/en/event/bellini-and-vivaldi-s-four-season-25690","Buy Tickets for Bellini And Vivaldi’s Four Season at the Badia di SantÂ´Agata in Catania. Find details about performers, programme, and prices."
"Vienna Baroque Orchestra","25 Nov 2025","20:20","0 €","Palais SchÃ¶nborn-BatthyÃ¡ny","https://www.europaticket.com/en/event/vienna-baroque-orchestra-10383","Buy Official Tickets for Vienna Baroque Orchestra at Palais SchÃ¶nborn-BatthyÃ¡ny, Vienna, Austria. More info about schedule, programme, and prices online and by phone."
"Turbina Cultural Center","","","0 €","Turbina Cultural Center in Budapest","https://www.europaticket.com/en/events/pop-rock-concerts-10/turbina-cultural-center-466","or contact us by phone for more information."
"Mozart Dinner and Concerts","08 Oct 2025","20:00","0 €","","https://www.europaticket.com/en/events/classical-concerts-3/mozart-dinner-and-concerts-361","Buy Tickets for Mozart Dinner and Concerts."
"El Palacio Andaluz Flamenco show","25 Nov 2025","21:30","0 €","Venue","https://www.europaticket.com/en/event/el-palacio-andaluz-flamenco-show-7907-18985","Buy Tickets for El Palacio Andaluz Flamenco show. Find details about performers, programme, and prices."
"Roma Opera Omnia","08 Oct 2025","16:30","0 €","","https://www.europaticket.com/en/events/opera-and-ballet-1/roma-opera-omnia-3627-231","Book your tickets for an incredible performance at Rome Opera Omnia"
"Classic Concerts in Florence","09 Oct 2025","20:30","0 €","","https://www.europaticket.com/en/events/classical-concerts-3/classic-concerts-in-florence-128","Check your schedule and book your tickets for Classic Concerts in Florence. Secure your seats now."
"Freddie Mercury Opera Show","25 Nov 2025","","0 €","Venue","https://www.europaticket.com/en/event/freddie-mercury-opera-show-2011-26704","or contact us by phone for more information on prices, program, and cast."
"Komische Oper Berlin","","","0 €","Komische Oper Berlin","https://www.europaticket.com/en/events/opera-and-ballet-1/komische-oper-berlin-288","Buy tickets for representations held at the Komische Oper Berlin and enjoy your visit in Berlin even more. Secure your tickets now."
"Drink and Folklore Show","25 Nov 2025","","0 €","Venue","https://www.europaticket.com/en/event/drink-and-folklore-show-26990","or contact us by phone for more information about performers, program details, and ticket prices."
"Munich Philharmonic","25 Nov 2025","","0 €","Venue","https://www.europaticket.com/en/event/munich-philharmonic-8516-23689","or contact us by phone for more information about performers, program details, and ticket prices."
"Konzerthaus Vienna","08 Oct 2025","12:30","0 €","","https://www.europaticket.com/en/events/classical-concerts-3/konzerthaus-vienna-108","Check your schedule and book your tickets for an incredible concert at the Konzerthaus in Vienna. Secure your seats now."
"Barcelona Jazz Festival","10 Oct 2025","21:00","0 €","","https://www.europaticket.com/en/events/jazz-6957-12/barcelona-jazz-festival-454","or contact us by phone."
"The Last Days of Mankind","25 Nov 2025","22:15","0 €","Venue","https://www.europaticket.com/en/event/the-last-days-of-mankind-2193-10301","or contact us by phone for more information on prices, program, and cast."
"Ducal Venice Tour","25 Nov 2025","11:30","0 €","Venue","https://www.europaticket.com/en/event/ducal-venice-tour-5191-7704","or contact us by phone."
"Dadi Freyr, The Sensual Seductive And Sexy Tour","25 Nov 2025","","0 €","SIMM City Zentrum Simmering","https://www.europaticket.com/en/event/dadi-freyr-the-sensual-seductive-and-sexy-tour--27633","or contact us by phone."
"Ernst Happel Stadion","09 Jun 2026","18:00","0 €","","https://www.europaticket.com/en/events/pop-rock-concerts-10/ernst-happel-stadion-406","Check your schedule and come to see your favourite artists perform live on the Ernst Happel Stadion stage in Vienna. Secure your tickets now."
"Classical Concerts in Venice","08 Oct 2025","21:00","0 €","","https://www.europaticket.com/en/events/classical-concerts-3/classical-concerts-in-venice-172","Check your schedule and book your tickets for an incredible Classic Concert in Venice. Secure your seats now."
"Suor Angelica, Gianni Schicchi","26 May 2026","","0 €","Deutsche Oper Berlin","https://www.europaticket.com/en/event/suor-angelica-gianni-schicchi-26819","or contact us by phone for more information about performers, program details, and ticket prices."
"SÃ£o Carlos National Theater Concerts","","","0 €","","https://www.europaticket.com/en/events/classical-concerts-3/sÃ£o-carlos-national-theater-concerts-123","Check your schedule and book your tickets for SÃ£o Carlos National Theater Concerts. Secure your seats now."
"Opera de Monte-Carlo","01 Dec 2025","20:00","0 €","","https://www.europaticket.com/en/events/opera-and-ballet-1/opera-de-monte-carlo-367","Buy Tickets for Opera de Monte-Carlo"
"Cabaret","08 Oct 2025","20:00","0 €","","https://www.europaticket.com/en/events/cabaret-tickets-5","Cabaret Tickets"
"Votivkirche Concerts Vienna","06 Dec 2025","20:00","0 €","Votivkirche in Vienna","https://www.europaticket.com/en/events/classical-concerts-3/votivkirche-concerts-vienna-519","or contact us by phone."
"Jazz","08 Oct 2025","20:30","0 €","","https://www.europaticket.com/en/events/jazz-6957-12","Jazz concerts in Vienna, Milan, Paris, etc.Check the schedule, select the date and book tickets for Jazz concerts. Tickets in advance. Details, programme and photos."
"Royal Opera House","","","0 €","","https://www.europaticket.com/en/events/opera-and-ballet-1/royal-opera-house-227","Buy tickets for representations held at the Royal Opera House and enjoy your visit in London even more. Secure your tickets now."
"Mariinsky Classic Concerts Tickets","","","0 €","Mariinsky","https://www.europaticket.com/en/events/classical-concerts-3/mariinsky-classic-concerts-tickets-139","Check your schedule and book your tickets for Classic Concerts at Mariinsky."
"Vienna Supreme Orchestra at Eschenbach Palace","25 Nov 2025","21:40","0 €","Palais Eschenbach","https://www.europaticket.com/en/event/vienna-supreme-orchestra-at-eschenbach-palace-3792-13639","Buy Official Tickets for Vienna Supreme Concerts at Palais Eschenbach. Find details about performers, programme, and prices."
"Teatro della Pergola","","","0 €","Teatro della Pergola","https://www.europaticket.com/en/events/opera-and-ballet-1/teatro-della-pergola-369","Buy Tickets for events at Teatro della Pergola."
"Budapest Palatinus Bath","25 Nov 2025","19:00","0 €","Venue","https://www.europaticket.com/en/event/budapest-palatinus-bath-16361","or contact us by phone."
"Moulin Rouge Show Tickets","25 Nov 2025","23:00","0 €","Venue","https://www.europaticket.com/en/event/moulin-rouge-show-tickets-761","Tickets for Moulin Rouge Paris, online reservation for Feerie cabaret show at the Moulin Rouge in Paris."
"Budapest Operetta Theater","10 Oct 2025","19:00","0 €","","https://www.europaticket.com/en/events/opera-and-ballet-1/budapest-operetta-theater-241","Budapest Operetta Theater Programme and Tickets."
"Nymphenburg Classic Ã la Mozart","25 Nov 2025","17:30","0 €","Nymphenburg Palace in Munich","https://www.europaticket.com/en/event/nymphenburg-classic-Ã -la-mozart-25818","or contact us by phone for more information about performers, program details, and ticket prices."
"FIA Formula E","","","0 €","","https://www.europaticket.com/en/events/sport-4/fia-formula-e-306","Buy Tickets for 2022 Rome E-Prix."
"Vienna Residence Orchestra at the Vienna Konzerthaus","25 Nov 2025","20:30","0 €","Venue","https://www.europaticket.com/en/event/vienna-residence-orchestra-at-the-vienna-konzerthaus-24722","or contact us by phone for more information about performers, program details, and ticket prices."
"Palau de la MÃºsica Catalana","08 Oct 2025","20:00","0 €","","https://www.europaticket.com/en/events/opera-and-ballet-1/palau-de-la-musica-catalana-450","Buy Official Tickets for Palau de la MÃºsica Catalana in Barcelona. Check your schedule and secure your seats now."
"St Stephen Basilica Budapest Concerts","08 Oct 2025","10:00","0 €","","https://www.europaticket.com/en/events/classical-concerts-3/st-stephen-basilica-budapest-concerts-504","Check your schedule and book your tickets for the St Stephen Basilica Budapest Concerts."
"The Three Tenors In Florence","25 Nov 2025","8:30","0 €","Venue","https://www.europaticket.com/en/event/the-three-tenors-in-florence-4619-12794","Buy Tickets for The Three Tenors In Florence. Find details about performers, programme, and prices."
"Teatro de la Maestranza","","","0 €","Teatro de la Maestranza in Seville","https://www.europaticket.com/en/events/opera-and-ballet-1/teatro-de-la-maestranza-476","or contact us by phone."
"Sing-along concert of the Rundfunkchor Berlin","26 Jun 2026","","0 €","Berliner Philharmonie","https://www.europaticket.com/en/event/sing-along-concert-of-the-rundfunkchor-berlin-27219","or contact us by phone for more information on pricing, program, and performers."
"Concerts in Paris","08 Oct 2025","20:00","0 €","","https://www.europaticket.com/en/events/pop-rock-concerts-10/concerts-in-paris-105","Check your schedule and come to see your favourite artists perform live in Paris. Secure your tickets now."
"The Phantom of the Opera","25 Nov 2025","19:30","0 €","Raimund Theater in Vienna","https://www.europaticket.com/en/event/the-phantom-of-the-opera-1148-8254","The Phantom of the Opera - The Musical at Raimund Theater in Vienna, Austria. Find details about performers, programme, and prices. Book official tickets here and now."
"The Barber of Seville","25 Nov 2025","","€ 6","Venue","https://www.europaticket.com/en/event/the-barber-of-seville-8570-11294","or contact us by phone."
"Philharmonie im Gasteig","","","0 €","Philharmonie im Gasteig","https://www.europaticket.com/en/events/classical-concerts-3/philharmonie-im-gasteig-317","Buy Tickets for avents at Philharmonie im Gasteig."
"Bavarian State Opera","31 Oct 2025","20:00","0 €","","https://www.europaticket.com/en/events/opera-and-ballet-1/bavarian-state-opera-323","Buy Tickets for events at Bavarian State Opera"
"Deutsche Oper Berlin","10 Oct 2025","19:30","0 €","Deutsche Oper Berlin","https://www.europaticket.com/en/events/opera-and-ballet-1/deutsche-oper-berlin-96","Check your schedule and purchase tickets to see the greatest artists perform live on stage at Deutsche Oper Berlin. Buy tickets now."
